time_idx,open_time
0,2025-09-20 10:01:00+00:00
1,2025-09-20 10:02:00+00:00
2,2025-09-20 10:03:00+00:00
3,2025-09-20 10:04:00+00:00
4,2025-09-20 10:05:00+00:00
5,2025-09-20 10:06:00+00:00
6,2025-09-20 10:07:00+00:00
7,2025-09-20 10:08:00+00:00
8,2025-09-20 10:09:00+00:00
9,2025-09-20 10:10:00+00:00
10,2025-09-20 10:11:00+00:00
11,2025-09-20 10:12:00+00:00
12,2025-09-20 10:13:00+00:00
13,2025-09-20 10:14:00+00:00
14,2025-09-20 10:15:00+00:00
15,2025-09-20 10:16:00+00:00
16,2025-09-20 10:17:00+00:00
17,2025-09-20 10:18:00+00:00
18,2025-09-20 10:19:00+00:00
19,2025-09-20 10:20:00+00:00
20,2025-09-20 10:21:00+00:00
21,2025-09-20 10:22:00+00:00
22,2025-09-20 10:23:00+00:00
23,2025-09-20 10:24:00+00:00
24,2025-09-20 10:25:00+00:00
25,2025-09-20 10:26:00+00:00
26,2025-09-20 10:27:00+00:00
27,2025-09-20 10:28:00+00:00
28,2025-09-20 10:29:00+00:00
29,2025-09-20 10:30:00+00:00
30,2025-09-20 10:31:00+00:00
31,2025-09-20 10:32:00+00:00
32,2025-09-20 10:33:00+00:00
33,2025-09-20 10:34:00+00:00
34,2025-09-20 10:35:00+00:00
35,2025-09-20 10:36:00+00:00
36,2025-09-20 10:37:00+00:00
37,2025-09-20 10:38:00+00:00
38,2025-09-20 10:39:00+00:00
39,2025-09-20 10:40:00+00:00
40,2025-09-20 10:41:00+00:00
41,2025-09-20 10:42:00+00:00
42,2025-09-20 10:43:00+00:00
43,2025-09-20 10:44:00+00:00
44,2025-09-20 10:45:00+00:00
45,2025-09-20 10:46:00+00:00
46,2025-09-20 10:47:00+00:00
47,2025-09-20 10:48:00+00:00
48,2025-09-20 10:49:00+00:00
49,2025-09-20 10:50:00+00:00
50,2025-09-20 10:51:00+00:00
51,2025-09-20 10:52:00+00:00
52,2025-09-20 10:53:00+00:00
53,2025-09-20 10:54:00+00:00
54,2025-09-20 10:55:00+00:00
55,2025-09-20 10:56:00+00:00
56,2025-09-20 10:57:00+00:00
57,2025-09-20 10:58:00+00:00
58,2025-09-20 10:59:00+00:00
59,2025-09-20 11:00:00+00:00
60,2025-09-20 11:01:00+00:00
61,2025-09-20 11:02:00+00:00
62,2025-09-20 11:03:00+00:00
63,2025-09-20 11:04:00+00:00
64,2025-09-20 11:05:00+00:00
65,2025-09-20 11:06:00+00:00
66,2025-09-20 11:07:00+00:00
67,2025-09-20 11:08:00+00:00
68,2025-09-20 11:09:00+00:00
69,2025-09-20 11:10:00+00:00
70,2025-09-20 11:11:00+00:00
71,2025-09-20 11:12:00+00:00
72,2025-09-20 11:13:00+00:00
73,2025-09-20 11:14:00+00:00
74,2025-09-20 11:15:00+00:00
75,2025-09-20 11:16:00+00:00
76,2025-09-20 11:17:00+00:00
77,2025-09-20 11:18:00+00:00
78,2025-09-20 11:19:00+00:00
79,2025-09-20 11:20:00+00:00
80,2025-09-20 11:21:00+00:00
81,2025-09-20 11:22:00+00:00
82,2025-09-20 11:23:00+00:00
83,2025-09-20 11:24:00+00:00
84,2025-09-20 11:25:00+00:00
85,2025-09-20 11:26:00+00:00
86,2025-09-20 11:27:00+00:00
87,2025-09-20 11:28:00+00:00
88,2025-09-20 11:29:00+00:00
89,2025-09-20 11:30:00+00:00
90,2025-09-20 11:31:00+00:00
91,2025-09-20 11:32:00+00:00
92,2025-09-20 11:33:00+00:00
93,2025-09-20 11:34:00+00:00
94,2025-09-20 11:35:00+00:00
95,2025-09-20 11:36:00+00:00
96,2025-09-20 11:37:00+00:00
97,2025-09-20 11:38:00+00:00
98,2025-09-20 11:39:00+00:00
99,2025-09-20 11:40:00+00:00
100,2025-09-20 11:41:00+00:00
101,2025-09-20 11:42:00+00:00
102,2025-09-20 11:43:00+00:00
103,2025-09-20 11:44:00+00:00
104,2025-09-20 11:45:00+00:00
105,2025-09-20 11:46:00+00:00
106,2025-09-20 11:47:00+00:00
107,2025-09-20 11:48:00+00:00
108,2025-09-20 11:49:00+00:00
109,2025-09-20 11:50:00+00:00
110,2025-09-20 11:51:00+00:00
111,2025-09-20 11:52:00+00:00
112,2025-09-20 11:53:00+00:00
113,2025-09-20 11:54:00+00:00
114,2025-09-20 11:55:00+00:00
115,2025-09-20 11:56:00+00:00
116,2025-09-20 11:57:00+00:00
117,2025-09-20 11:58:00+00:00
118,2025-09-20 11:59:00+00:00
119,2025-09-20 12:00:00+00:00
120,2025-09-20 12:01:00+00:00
121,2025-09-20 12:02:00+00:00
122,2025-09-20 12:03:00+00:00
123,2025-09-20 12:04:00+00:00
124,2025-09-20 12:05:00+00:00
125,2025-09-20 12:06:00+00:00
126,2025-09-20 12:07:00+00:00
127,2025-09-20 12:08:00+00:00
128,2025-09-20 12:09:00+00:00
129,2025-09-20 12:10:00+00:00
130,2025-09-20 12:11:00+00:00
131,2025-09-20 12:12:00+00:00
132,2025-09-20 12:13:00+00:00
133,2025-09-20 12:14:00+00:00
134,2025-09-20 12:15:00+00:00
135,2025-09-20 12:16:00+00:00
136,2025-09-20 12:17:00+00:00
137,2025-09-20 12:18:00+00:00
138,2025-09-20 12:19:00+00:00
139,2025-09-20 12:20:00+00:00
140,2025-09-20 12:21:00+00:00
141,2025-09-20 12:22:00+00:00
142,2025-09-20 12:23:00+00:00
143,2025-09-20 12:24:00+00:00
144,2025-09-20 12:25:00+00:00
145,2025-09-20 12:26:00+00:00
146,2025-09-20 12:27:00+00:00
147,2025-09-20 12:28:00+00:00
148,2025-09-20 12:29:00+00:00
149,2025-09-20 12:30:00+00:00
150,2025-09-20 12:31:00+00:00
151,2025-09-20 12:32:00+00:00
152,2025-09-20 12:33:00+00:00
153,2025-09-20 12:34:00+00:00
154,2025-09-20 12:35:00+00:00
155,2025-09-20 12:36:00+00:00
156,2025-09-20 12:37:00+00:00
157,2025-09-20 12:38:00+00:00
158,2025-09-20 12:39:00+00:00
159,2025-09-20 12:40:00+00:00
160,2025-09-20 12:41:00+00:00
161,2025-09-20 12:42:00+00:00
162,2025-09-20 12:43:00+00:00
163,2025-09-20 12:44:00+00:00
164,2025-09-20 12:45:00+00:00
165,2025-09-20 12:46:00+00:00
166,2025-09-20 12:47:00+00:00
167,2025-09-20 12:48:00+00:00
168,2025-09-20 12:49:00+00:00
169,2025-09-20 12:50:00+00:00
170,2025-09-20 12:51:00+00:00
171,2025-09-20 12:52:00+00:00
172,2025-09-20 12:53:00+00:00
173,2025-09-20 12:54:00+00:00
174,2025-09-20 12:55:00+00:00
175,2025-09-20 12:56:00+00:00
176,2025-09-20 12:57:00+00:00
177,2025-09-20 12:58:00+00:00
178,2025-09-20 12:59:00+00:00
179,2025-09-20 13:00:00+00:00
180,2025-09-20 13:01:00+00:00
181,2025-09-20 13:02:00+00:00
182,2025-09-20 13:03:00+00:00
183,2025-09-20 13:04:00+00:00
184,2025-09-20 13:05:00+00:00
185,2025-09-20 13:06:00+00:00
186,2025-09-20 13:07:00+00:00
187,2025-09-20 13:08:00+00:00
188,2025-09-20 13:09:00+00:00
189,2025-09-20 13:10:00+00:00
190,2025-09-20 13:11:00+00:00
191,2025-09-20 13:12:00+00:00
192,2025-09-20 13:13:00+00:00
193,2025-09-20 13:14:00+00:00
194,2025-09-20 13:15:00+00:00
195,2025-09-20 13:16:00+00:00
196,2025-09-20 13:17:00+00:00
197,2025-09-20 13:18:00+00:00
198,2025-09-20 13:19:00+00:00
199,2025-09-20 13:20:00+00:00
200,2025-09-20 13:21:00+00:00
201,2025-09-20 13:22:00+00:00
202,2025-09-20 13:23:00+00:00
203,2025-09-20 13:24:00+00:00
204,2025-09-20 13:25:00+00:00
205,2025-09-20 13:26:00+00:00
206,2025-09-20 13:27:00+00:00
207,2025-09-20 13:28:00+00:00
208,2025-09-20 13:29:00+00:00
209,2025-09-20 13:30:00+00:00
210,2025-09-20 13:31:00+00:00
211,2025-09-20 13:32:00+00:00
212,2025-09-20 13:33:00+00:00
213,2025-09-20 13:34:00+00:00
214,2025-09-20 13:35:00+00:00
215,2025-09-20 13:36:00+00:00
216,2025-09-20 13:37:00+00:00
217,2025-09-20 13:38:00+00:00
218,2025-09-20 13:39:00+00:00
219,2025-09-20 13:40:00+00:00
220,2025-09-20 13:41:00+00:00
221,2025-09-20 13:42:00+00:00
222,2025-09-20 13:43:00+00:00
223,2025-09-20 13:44:00+00:00
224,2025-09-20 13:45:00+00:00
225,2025-09-20 13:46:00+00:00
226,2025-09-20 13:47:00+00:00
227,2025-09-20 13:48:00+00:00
228,2025-09-20 13:49:00+00:00
229,2025-09-20 13:50:00+00:00
230,2025-09-20 13:51:00+00:00
231,2025-09-20 13:52:00+00:00
232,2025-09-20 13:53:00+00:00
233,2025-09-20 13:54:00+00:00
234,2025-09-20 13:55:00+00:00
235,2025-09-20 13:56:00+00:00
236,2025-09-20 13:57:00+00:00
237,2025-09-20 13:58:00+00:00
238,2025-09-20 13:59:00+00:00
239,2025-09-20 14:00:00+00:00
240,2025-09-20 14:01:00+00:00
241,2025-09-20 14:02:00+00:00
242,2025-09-20 14:03:00+00:00
243,2025-09-20 14:04:00+00:00
244,2025-09-20 14:05:00+00:00
245,2025-09-20 14:06:00+00:00
246,2025-09-20 14:07:00+00:00
247,2025-09-20 14:08:00+00:00
248,2025-09-20 14:09:00+00:00
249,2025-09-20 14:10:00+00:00
250,2025-09-20 14:11:00+00:00
251,2025-09-20 14:12:00+00:00
252,2025-09-20 14:13:00+00:00
253,2025-09-20 14:14:00+00:00
254,2025-09-20 14:15:00+00:00
255,2025-09-20 14:16:00+00:00
256,2025-09-20 14:17:00+00:00
257,2025-09-20 14:18:00+00:00
258,2025-09-20 14:19:00+00:00
259,2025-09-20 14:20:00+00:00
260,2025-09-20 14:21:00+00:00
261,2025-09-20 14:22:00+00:00
262,2025-09-20 14:23:00+00:00
263,2025-09-20 14:24:00+00:00
264,2025-09-20 14:25:00+00:00
265,2025-09-20 14:26:00+00:00
266,2025-09-20 14:27:00+00:00
267,2025-09-20 14:28:00+00:00
268,2025-09-20 14:29:00+00:00
269,2025-09-20 14:30:00+00:00
270,2025-09-20 14:31:00+00:00
271,2025-09-20 14:32:00+00:00
272,2025-09-20 14:33:00+00:00
273,2025-09-20 14:34:00+00:00
274,2025-09-20 14:35:00+00:00
275,2025-09-20 14:36:00+00:00
276,2025-09-20 14:37:00+00:00
277,2025-09-20 14:38:00+00:00
278,2025-09-20 14:39:00+00:00
279,2025-09-20 14:40:00+00:00
280,2025-09-20 14:41:00+00:00
281,2025-09-20 14:42:00+00:00
282,2025-09-20 14:43:00+00:00
283,2025-09-20 14:44:00+00:00
284,2025-09-20 14:45:00+00:00
285,2025-09-20 14:46:00+00:00
286,2025-09-20 14:47:00+00:00
287,2025-09-20 14:48:00+00:00
288,2025-09-20 14:49:00+00:00
289,2025-09-20 14:50:00+00:00
290,2025-09-20 14:51:00+00:00
291,2025-09-20 14:52:00+00:00
292,2025-09-20 14:53:00+00:00
293,2025-09-20 14:54:00+00:00
294,2025-09-20 14:55:00+00:00
295,2025-09-20 14:56:00+00:00
296,2025-09-20 14:57:00+00:00
297,2025-09-20 14:58:00+00:00
298,2025-09-20 14:59:00+00:00
299,2025-09-20 15:00:00+00:00
300,2025-09-20 15:01:00+00:00
301,2025-09-20 15:02:00+00:00
302,2025-09-20 15:03:00+00:00
303,2025-09-20 15:04:00+00:00
304,2025-09-20 15:05:00+00:00
305,2025-09-20 15:06:00+00:00
306,2025-09-20 15:07:00+00:00
307,2025-09-20 15:08:00+00:00
308,2025-09-20 15:09:00+00:00
309,2025-09-20 15:10:00+00:00
310,2025-09-20 15:11:00+00:00
311,2025-09-20 15:12:00+00:00
312,2025-09-20 15:13:00+00:00
313,2025-09-20 15:14:00+00:00
314,2025-09-20 15:15:00+00:00
315,2025-09-20 15:16:00+00:00
316,2025-09-20 15:17:00+00:00
317,2025-09-20 15:18:00+00:00
318,2025-09-20 15:19:00+00:00
319,2025-09-20 15:20:00+00:00
320,2025-09-20 15:21:00+00:00
321,2025-09-20 15:22:00+00:00
322,2025-09-20 15:23:00+00:00
323,2025-09-20 15:24:00+00:00
324,2025-09-20 15:25:00+00:00
325,2025-09-20 15:26:00+00:00
326,2025-09-20 15:27:00+00:00
327,2025-09-20 15:28:00+00:00
328,2025-09-20 15:29:00+00:00
329,2025-09-20 15:30:00+00:00
330,2025-09-20 15:31:00+00:00
331,2025-09-20 15:32:00+00:00
332,2025-09-20 15:33:00+00:00
333,2025-09-20 15:34:00+00:00
334,2025-09-20 15:35:00+00:00
335,2025-09-20 15:36:00+00:00
336,2025-09-20 15:37:00+00:00
337,2025-09-20 15:38:00+00:00
338,2025-09-20 15:39:00+00:00
339,2025-09-20 15:40:00+00:00
340,2025-09-20 15:41:00+00:00
341,2025-09-20 15:42:00+00:00
342,2025-09-20 15:43:00+00:00
343,2025-09-20 15:44:00+00:00
344,2025-09-20 15:45:00+00:00
345,2025-09-20 15:46:00+00:00
346,2025-09-20 15:47:00+00:00
347,2025-09-20 15:48:00+00:00
348,2025-09-20 15:49:00+00:00
349,2025-09-20 15:50:00+00:00
350,2025-09-20 15:51:00+00:00
351,2025-09-20 15:52:00+00:00
352,2025-09-20 15:53:00+00:00
353,2025-09-20 15:54:00+00:00
354,2025-09-20 15:55:00+00:00
355,2025-09-20 15:56:00+00:00
356,2025-09-20 15:57:00+00:00
357,2025-09-20 15:58:00+00:00
358,2025-09-20 15:59:00+00:00
359,2025-09-20 16:00:00+00:00
360,2025-09-20 16:01:00+00:00
361,2025-09-20 16:02:00+00:00
362,2025-09-20 16:03:00+00:00
363,2025-09-20 16:04:00+00:00
364,2025-09-20 16:05:00+00:00
365,2025-09-20 16:06:00+00:00
366,2025-09-20 16:07:00+00:00
367,2025-09-20 16:08:00+00:00
368,2025-09-20 16:09:00+00:00
369,2025-09-20 16:10:00+00:00
370,2025-09-20 16:11:00+00:00
371,2025-09-20 16:12:00+00:00
372,2025-09-20 16:13:00+00:00
373,2025-09-20 16:14:00+00:00
374,2025-09-20 16:15:00+00:00
375,2025-09-20 16:16:00+00:00
376,2025-09-20 16:17:00+00:00
377,2025-09-20 16:18:00+00:00
378,2025-09-20 16:19:00+00:00
379,2025-09-20 16:20:00+00:00
380,2025-09-20 16:21:00+00:00
381,2025-09-20 16:22:00+00:00
382,2025-09-20 16:23:00+00:00
383,2025-09-20 16:24:00+00:00
384,2025-09-20 16:25:00+00:00
385,2025-09-20 16:26:00+00:00
386,2025-09-20 16:27:00+00:00
387,2025-09-20 16:28:00+00:00
388,2025-09-20 16:29:00+00:00
389,2025-09-20 16:30:00+00:00
390,2025-09-20 16:31:00+00:00
391,2025-09-20 16:32:00+00:00
392,2025-09-20 16:33:00+00:00
393,2025-09-20 16:34:00+00:00
394,2025-09-20 16:35:00+00:00
395,2025-09-20 16:36:00+00:00
396,2025-09-20 16:37:00+00:00
397,2025-09-20 16:38:00+00:00
398,2025-09-20 16:39:00+00:00
399,2025-09-20 16:40:00+00:00
400,2025-09-20 16:41:00+00:00
401,2025-09-20 16:42:00+00:00
402,2025-09-20 16:43:00+00:00
403,2025-09-20 16:44:00+00:00
404,2025-09-20 16:45:00+00:00
405,2025-09-20 16:46:00+00:00
406,2025-09-20 16:47:00+00:00
407,2025-09-20 16:48:00+00:00
408,2025-09-20 16:49:00+00:00
409,2025-09-20 16:50:00+00:00
410,2025-09-20 16:51:00+00:00
411,2025-09-20 16:52:00+00:00
412,2025-09-20 16:53:00+00:00
413,2025-09-20 16:54:00+00:00
414,2025-09-20 16:55:00+00:00
415,2025-09-20 16:56:00+00:00
416,2025-09-20 16:57:00+00:00
417,2025-09-20 16:58:00+00:00
418,2025-09-20 16:59:00+00:00
419,2025-09-20 17:00:00+00:00
420,2025-09-20 17:01:00+00:00
421,2025-09-20 17:02:00+00:00
422,2025-09-20 17:03:00+00:00
423,2025-09-20 17:04:00+00:00
424,2025-09-20 17:05:00+00:00
425,2025-09-20 17:06:00+00:00
426,2025-09-20 17:07:00+00:00
427,2025-09-20 17:08:00+00:00
428,2025-09-20 17:09:00+00:00
429,2025-09-20 17:10:00+00:00
430,2025-09-20 17:11:00+00:00
431,2025-09-20 17:12:00+00:00
432,2025-09-20 17:13:00+00:00
433,2025-09-20 17:14:00+00:00
434,2025-09-20 17:15:00+00:00
435,2025-09-20 17:16:00+00:00
436,2025-09-20 17:17:00+00:00
437,2025-09-20 17:18:00+00:00
438,2025-09-20 17:19:00+00:00
439,2025-09-20 17:20:00+00:00
440,2025-09-20 17:21:00+00:00
441,2025-09-20 17:22:00+00:00
442,2025-09-20 17:23:00+00:00
443,2025-09-20 17:24:00+00:00
444,2025-09-20 17:25:00+00:00
445,2025-09-20 17:26:00+00:00
446,2025-09-20 17:27:00+00:00
447,2025-09-20 17:28:00+00:00
448,2025-09-20 17:29:00+00:00
449,2025-09-20 17:30:00+00:00
450,2025-09-20 17:31:00+00:00
451,2025-09-20 17:32:00+00:00
452,2025-09-20 17:33:00+00:00
453,2025-09-20 17:34:00+00:00
454,2025-09-20 17:35:00+00:00
455,2025-09-20 17:36:00+00:00
456,2025-09-20 17:37:00+00:00
457,2025-09-20 17:38:00+00:00
458,2025-09-20 17:39:00+00:00
459,2025-09-20 17:40:00+00:00
460,2025-09-20 17:41:00+00:00
461,2025-09-20 17:42:00+00:00
462,2025-09-20 17:43:00+00:00
463,2025-09-20 17:44:00+00:00
464,2025-09-20 17:45:00+00:00
465,2025-09-20 17:46:00+00:00
466,2025-09-20 17:47:00+00:00
467,2025-09-20 17:48:00+00:00
468,2025-09-20 17:49:00+00:00
469,2025-09-20 17:50:00+00:00
470,2025-09-20 17:51:00+00:00
471,2025-09-20 17:52:00+00:00
472,2025-09-20 17:53:00+00:00
473,2025-09-20 17:54:00+00:00
474,2025-09-20 17:55:00+00:00
475,2025-09-20 17:56:00+00:00
476,2025-09-20 17:57:00+00:00
477,2025-09-20 17:58:00+00:00
478,2025-09-20 17:59:00+00:00
479,2025-09-20 18:00:00+00:00
480,2025-09-20 18:01:00+00:00
481,2025-09-20 18:02:00+00:00
482,2025-09-20 18:03:00+00:00
483,2025-09-20 18:04:00+00:00
484,2025-09-20 18:05:00+00:00
485,2025-09-20 18:06:00+00:00
486,2025-09-20 18:07:00+00:00
487,2025-09-20 18:08:00+00:00
488,2025-09-20 18:09:00+00:00
489,2025-09-20 18:10:00+00:00
490,2025-09-20 18:11:00+00:00
491,2025-09-20 18:12:00+00:00
492,2025-09-20 18:13:00+00:00
493,2025-09-20 18:14:00+00:00
494,2025-09-20 18:15:00+00:00
495,2025-09-20 18:16:00+00:00
496,2025-09-20 18:17:00+00:00
497,2025-09-20 18:18:00+00:00
498,2025-09-20 18:19:00+00:00
499,2025-09-20 18:20:00+00:00
500,2025-09-20 18:21:00+00:00
501,2025-09-20 18:22:00+00:00
502,2025-09-20 18:23:00+00:00
503,2025-09-20 18:24:00+00:00
504,2025-09-20 18:25:00+00:00
505,2025-09-20 18:26:00+00:00
506,2025-09-20 18:27:00+00:00
507,2025-09-20 18:28:00+00:00
508,2025-09-20 18:29:00+00:00
509,2025-09-20 18:30:00+00:00
510,2025-09-20 18:31:00+00:00
511,2025-09-20 18:32:00+00:00
512,2025-09-20 18:33:00+00:00
513,2025-09-20 18:34:00+00:00
514,2025-09-20 18:35:00+00:00
515,2025-09-20 18:36:00+00:00
516,2025-09-20 18:37:00+00:00
517,2025-09-20 18:38:00+00:00
518,2025-09-20 18:39:00+00:00
519,2025-09-20 18:40:00+00:00
520,2025-09-20 18:41:00+00:00
521,2025-09-20 18:42:00+00:00
522,2025-09-20 18:43:00+00:00
523,2025-09-20 18:44:00+00:00
524,2025-09-20 18:45:00+00:00
525,2025-09-20 18:46:00+00:00
526,2025-09-20 18:47:00+00:00
527,2025-09-20 18:48:00+00:00
528,2025-09-20 18:49:00+00:00
529,2025-09-20 18:50:00+00:00
530,2025-09-20 18:51:00+00:00
531,2025-09-20 18:52:00+00:00
532,2025-09-20 18:53:00+00:00
533,2025-09-20 18:54:00+00:00
534,2025-09-20 18:55:00+00:00
535,2025-09-20 18:56:00+00:00
536,2025-09-20 18:57:00+00:00
537,2025-09-20 18:58:00+00:00
538,2025-09-20 18:59:00+00:00
539,2025-09-20 19:00:00+00:00
540,2025-09-20 19:01:00+00:00
541,2025-09-20 19:02:00+00:00
542,2025-09-20 19:03:00+00:00
543,2025-09-20 19:04:00+00:00
544,2025-09-20 19:05:00+00:00
545,2025-09-20 19:06:00+00:00
546,2025-09-20 19:07:00+00:00
547,2025-09-20 19:08:00+00:00
548,2025-09-20 19:09:00+00:00
549,2025-09-20 19:10:00+00:00
550,2025-09-20 19:11:00+00:00
551,2025-09-20 19:12:00+00:00
552,2025-09-20 19:13:00+00:00
553,2025-09-20 19:14:00+00:00
554,2025-09-20 19:15:00+00:00
555,2025-09-20 19:16:00+00:00
556,2025-09-20 19:17:00+00:00
557,2025-09-20 19:18:00+00:00
558,2025-09-20 19:19:00+00:00
559,2025-09-20 19:20:00+00:00
560,2025-09-20 19:21:00+00:00
561,2025-09-20 19:22:00+00:00
562,2025-09-20 19:23:00+00:00
563,2025-09-20 19:24:00+00:00
564,2025-09-20 19:25:00+00:00
565,2025-09-20 19:26:00+00:00
566,2025-09-20 19:27:00+00:00
567,2025-09-20 19:28:00+00:00
568,2025-09-20 19:29:00+00:00
569,2025-09-20 19:30:00+00:00
570,2025-09-20 19:31:00+00:00
571,2025-09-20 19:32:00+00:00
572,2025-09-20 19:33:00+00:00
573,2025-09-20 19:34:00+00:00
574,2025-09-20 19:35:00+00:00
575,2025-09-20 19:36:00+00:00
576,2025-09-20 19:37:00+00:00
577,2025-09-20 19:38:00+00:00
578,2025-09-20 19:39:00+00:00
579,2025-09-20 19:40:00+00:00
580,2025-09-20 19:41:00+00:00
581,2025-09-20 19:42:00+00:00
582,2025-09-20 19:43:00+00:00
583,2025-09-20 19:44:00+00:00
584,2025-09-20 19:45:00+00:00
585,2025-09-20 19:46:00+00:00
586,2025-09-20 19:47:00+00:00
587,2025-09-20 19:48:00+00:00
588,2025-09-20 19:49:00+00:00
589,2025-09-20 19:50:00+00:00
590,2025-09-20 19:51:00+00:00
591,2025-09-20 19:52:00+00:00
592,2025-09-20 19:53:00+00:00
593,2025-09-20 19:54:00+00:00
594,2025-09-20 19:55:00+00:00
595,2025-09-20 19:56:00+00:00
596,2025-09-20 19:57:00+00:00
597,2025-09-20 19:58:00+00:00
598,2025-09-20 19:59:00+00:00
599,2025-09-20 20:00:00+00:00
600,2025-09-20 20:01:00+00:00
601,2025-09-20 20:02:00+00:00
602,2025-09-20 20:03:00+00:00
603,2025-09-20 20:04:00+00:00
604,2025-09-20 20:05:00+00:00
605,2025-09-20 20:06:00+00:00
606,2025-09-20 20:07:00+00:00
607,2025-09-20 20:08:00+00:00
608,2025-09-20 20:09:00+00:00
609,2025-09-20 20:10:00+00:00
610,2025-09-20 20:11:00+00:00
611,2025-09-20 20:12:00+00:00
612,2025-09-20 20:13:00+00:00
613,2025-09-20 20:14:00+00:00
614,2025-09-20 20:15:00+00:00
615,2025-09-20 20:16:00+00:00
616,2025-09-20 20:17:00+00:00
617,2025-09-20 20:18:00+00:00
618,2025-09-20 20:19:00+00:00
619,2025-09-20 20:20:00+00:00
620,2025-09-20 20:21:00+00:00
621,2025-09-20 20:22:00+00:00
622,2025-09-20 20:23:00+00:00
623,2025-09-20 20:24:00+00:00
624,2025-09-20 20:25:00+00:00
625,2025-09-20 20:26:00+00:00
626,2025-09-20 20:27:00+00:00
627,2025-09-20 20:28:00+00:00
628,2025-09-20 20:29:00+00:00
629,2025-09-20 20:30:00+00:00
630,2025-09-20 20:31:00+00:00
631,2025-09-20 20:32:00+00:00
632,2025-09-20 20:33:00+00:00
633,2025-09-20 20:34:00+00:00
634,2025-09-20 20:35:00+00:00
635,2025-09-20 20:36:00+00:00
636,2025-09-20 20:37:00+00:00
637,2025-09-20 20:38:00+00:00
638,2025-09-20 20:39:00+00:00
639,2025-09-20 20:40:00+00:00
640,2025-09-20 20:41:00+00:00
641,2025-09-20 20:42:00+00:00
642,2025-09-20 20:43:00+00:00
643,2025-09-20 20:44:00+00:00
644,2025-09-20 20:45:00+00:00
645,2025-09-20 20:46:00+00:00
646,2025-09-20 20:47:00+00:00
647,2025-09-20 20:48:00+00:00
648,2025-09-20 20:49:00+00:00
649,2025-09-20 20:50:00+00:00
650,2025-09-20 20:51:00+00:00
651,2025-09-20 20:52:00+00:00
652,2025-09-20 20:53:00+00:00
653,2025-09-20 20:54:00+00:00
654,2025-09-20 20:55:00+00:00
655,2025-09-20 20:56:00+00:00
656,2025-09-20 20:57:00+00:00
657,2025-09-20 20:58:00+00:00
658,2025-09-20 20:59:00+00:00
659,2025-09-20 21:00:00+00:00
660,2025-09-20 21:01:00+00:00
661,2025-09-20 21:02:00+00:00
662,2025-09-20 21:03:00+00:00
663,2025-09-20 21:04:00+00:00
664,2025-09-20 21:05:00+00:00
665,2025-09-20 21:06:00+00:00
666,2025-09-20 21:07:00+00:00
667,2025-09-20 21:08:00+00:00
668,2025-09-20 21:09:00+00:00
669,2025-09-20 21:10:00+00:00
670,2025-09-20 21:11:00+00:00
671,2025-09-20 21:12:00+00:00
672,2025-09-20 21:13:00+00:00
673,2025-09-20 21:14:00+00:00
674,2025-09-20 21:15:00+00:00
675,2025-09-20 21:16:00+00:00
676,2025-09-20 21:17:00+00:00
677,2025-09-20 21:18:00+00:00
678,2025-09-20 21:19:00+00:00
679,2025-09-20 21:20:00+00:00
680,2025-09-20 21:21:00+00:00
681,2025-09-20 21:22:00+00:00
682,2025-09-20 21:23:00+00:00
683,2025-09-20 21:24:00+00:00
684,2025-09-20 21:25:00+00:00
685,2025-09-20 21:26:00+00:00
686,2025-09-20 21:27:00+00:00
687,2025-09-20 21:28:00+00:00
688,2025-09-20 21:29:00+00:00
689,2025-09-20 21:30:00+00:00
690,2025-09-20 21:31:00+00:00
691,2025-09-20 21:32:00+00:00
692,2025-09-20 21:33:00+00:00
693,2025-09-20 21:34:00+00:00
694,2025-09-20 21:35:00+00:00
695,2025-09-20 21:36:00+00:00
696,2025-09-20 21:37:00+00:00
697,2025-09-20 21:38:00+00:00
698,2025-09-20 21:39:00+00:00
699,2025-09-20 21:40:00+00:00
700,2025-09-20 21:41:00+00:00
701,2025-09-20 21:42:00+00:00
702,2025-09-20 21:43:00+00:00
703,2025-09-20 21:44:00+00:00
704,2025-09-20 21:45:00+00:00
705,2025-09-20 21:46:00+00:00
706,2025-09-20 21:47:00+00:00
707,2025-09-20 21:48:00+00:00
708,2025-09-20 21:49:00+00:00
709,2025-09-20 21:50:00+00:00
710,2025-09-20 21:51:00+00:00
711,2025-09-20 21:52:00+00:00
712,2025-09-20 21:53:00+00:00
713,2025-09-20 21:54:00+00:00
714,2025-09-20 21:55:00+00:00
715,2025-09-20 21:56:00+00:00
716,2025-09-20 21:57:00+00:00
717,2025-09-20 21:58:00+00:00
718,2025-09-20 21:59:00+00:00
719,2025-09-20 22:00:00+00:00
720,2025-09-20 22:01:00+00:00
721,2025-09-20 22:02:00+00:00
722,2025-09-20 22:03:00+00:00
723,2025-09-20 22:04:00+00:00
724,2025-09-20 22:05:00+00:00
725,2025-09-20 22:06:00+00:00
726,2025-09-20 22:07:00+00:00
727,2025-09-20 22:08:00+00:00
728,2025-09-20 22:09:00+00:00
729,2025-09-20 22:10:00+00:00
730,2025-09-20 22:11:00+00:00
731,2025-09-20 22:12:00+00:00
732,2025-09-20 22:13:00+00:00
733,2025-09-20 22:14:00+00:00
734,2025-09-20 22:15:00+00:00
735,2025-09-20 22:16:00+00:00
736,2025-09-20 22:17:00+00:00
737,2025-09-20 22:18:00+00:00
738,2025-09-20 22:19:00+00:00
739,2025-09-20 22:20:00+00:00
740,2025-09-20 22:21:00+00:00
741,2025-09-20 22:22:00+00:00
742,2025-09-20 22:23:00+00:00
743,2025-09-20 22:24:00+00:00
744,2025-09-20 22:25:00+00:00
745,2025-09-20 22:26:00+00:00
746,2025-09-20 22:27:00+00:00
747,2025-09-20 22:28:00+00:00
748,2025-09-20 22:29:00+00:00
749,2025-09-20 22:30:00+00:00
750,2025-09-20 22:31:00+00:00
751,2025-09-20 22:32:00+00:00
752,2025-09-20 22:33:00+00:00
753,2025-09-20 22:34:00+00:00
754,2025-09-20 22:35:00+00:00
755,2025-09-20 22:36:00+00:00
756,2025-09-20 22:37:00+00:00
757,2025-09-20 22:38:00+00:00
758,2025-09-20 22:39:00+00:00
759,2025-09-20 22:40:00+00:00
760,2025-09-20 22:41:00+00:00
761,2025-09-20 22:42:00+00:00
762,2025-09-20 22:43:00+00:00
763,2025-09-20 22:44:00+00:00
764,2025-09-20 22:45:00+00:00
765,2025-09-20 22:46:00+00:00
766,2025-09-20 22:47:00+00:00
767,2025-09-20 22:48:00+00:00
768,2025-09-20 22:49:00+00:00
769,2025-09-20 22:50:00+00:00
770,2025-09-20 22:51:00+00:00
771,2025-09-20 22:52:00+00:00
772,2025-09-20 22:53:00+00:00
773,2025-09-20 22:54:00+00:00
774,2025-09-20 22:55:00+00:00
775,2025-09-20 22:56:00+00:00
776,2025-09-20 22:57:00+00:00
777,2025-09-20 22:58:00+00:00
778,2025-09-20 22:59:00+00:00
779,2025-09-20 23:00:00+00:00
780,2025-09-20 23:01:00+00:00
781,2025-09-20 23:02:00+00:00
782,2025-09-20 23:03:00+00:00
783,2025-09-20 23:04:00+00:00
784,2025-09-20 23:05:00+00:00
785,2025-09-20 23:06:00+00:00
786,2025-09-20 23:07:00+00:00
787,2025-09-20 23:08:00+00:00
788,2025-09-20 23:09:00+00:00
789,2025-09-20 23:10:00+00:00
790,2025-09-20 23:11:00+00:00
791,2025-09-20 23:12:00+00:00
792,2025-09-20 23:13:00+00:00
793,2025-09-20 23:14:00+00:00
794,2025-09-20 23:15:00+00:00
795,2025-09-20 23:16:00+00:00
796,2025-09-20 23:17:00+00:00
797,2025-09-20 23:18:00+00:00
798,2025-09-20 23:19:00+00:00
799,2025-09-20 23:20:00+00:00
800,2025-09-20 23:21:00+00:00
801,2025-09-20 23:22:00+00:00
802,2025-09-20 23:23:00+00:00
803,2025-09-20 23:24:00+00:00
804,2025-09-20 23:25:00+00:00
805,2025-09-20 23:26:00+00:00
806,2025-09-20 23:27:00+00:00
807,2025-09-20 23:28:00+00:00
808,2025-09-20 23:29:00+00:00
809,2025-09-20 23:30:00+00:00
810,2025-09-20 23:31:00+00:00
811,2025-09-20 23:32:00+00:00
812,2025-09-20 23:33:00+00:00
813,2025-09-20 23:34:00+00:00
814,2025-09-20 23:35:00+00:00
815,2025-09-20 23:36:00+00:00
816,2025-09-20 23:37:00+00:00
817,2025-09-20 23:38:00+00:00
818,2025-09-20 23:39:00+00:00
819,2025-09-20 23:40:00+00:00
820,2025-09-20 23:41:00+00:00
821,2025-09-20 23:42:00+00:00
822,2025-09-20 23:43:00+00:00
823,2025-09-20 23:44:00+00:00
824,2025-09-20 23:45:00+00:00
825,2025-09-20 23:46:00+00:00
826,2025-09-20 23:47:00+00:00
827,2025-09-20 23:48:00+00:00
828,2025-09-20 23:49:00+00:00
829,2025-09-20 23:50:00+00:00
830,2025-09-20 23:51:00+00:00
831,2025-09-20 23:52:00+00:00
832,2025-09-20 23:53:00+00:00
833,2025-09-20 23:54:00+00:00
834,2025-09-20 23:55:00+00:00
835,2025-09-20 23:56:00+00:00
836,2025-09-20 23:57:00+00:00
837,2025-09-20 23:58:00+00:00
838,2025-09-20 23:59:00+00:00
839,2025-09-21 00:00:00+00:00
840,2025-09-21 00:01:00+00:00
841,2025-09-21 00:02:00+00:00
842,2025-09-21 00:03:00+00:00
843,2025-09-21 00:04:00+00:00
844,2025-09-21 00:05:00+00:00
845,2025-09-21 00:06:00+00:00
846,2025-09-21 00:07:00+00:00
847,2025-09-21 00:08:00+00:00
848,2025-09-21 00:09:00+00:00
849,2025-09-21 00:10:00+00:00
850,2025-09-21 00:11:00+00:00
851,2025-09-21 00:12:00+00:00
852,2025-09-21 00:13:00+00:00
853,2025-09-21 00:14:00+00:00
854,2025-09-21 00:15:00+00:00
855,2025-09-21 00:16:00+00:00
856,2025-09-21 00:17:00+00:00
857,2025-09-21 00:18:00+00:00
858,2025-09-21 00:19:00+00:00
859,2025-09-21 00:20:00+00:00
860,2025-09-21 00:21:00+00:00
861,2025-09-21 00:22:00+00:00
862,2025-09-21 00:23:00+00:00
863,2025-09-21 00:24:00+00:00
864,2025-09-21 00:25:00+00:00
865,2025-09-21 00:26:00+00:00
866,2025-09-21 00:27:00+00:00
867,2025-09-21 00:28:00+00:00
868,2025-09-21 00:29:00+00:00
869,2025-09-21 00:30:00+00:00
870,2025-09-21 00:31:00+00:00
871,2025-09-21 00:32:00+00:00
872,2025-09-21 00:33:00+00:00
873,2025-09-21 00:34:00+00:00
874,2025-09-21 00:35:00+00:00
875,2025-09-21 00:36:00+00:00
876,2025-09-21 00:37:00+00:00
877,2025-09-21 00:38:00+00:00
878,2025-09-21 00:39:00+00:00
879,2025-09-21 00:40:00+00:00
880,2025-09-21 00:41:00+00:00
881,2025-09-21 00:42:00+00:00
882,2025-09-21 00:43:00+00:00
883,2025-09-21 00:44:00+00:00
884,2025-09-21 00:45:00+00:00
885,2025-09-21 00:46:00+00:00
886,2025-09-21 00:47:00+00:00
887,2025-09-21 00:48:00+00:00
888,2025-09-21 00:49:00+00:00
889,2025-09-21 00:50:00+00:00
890,2025-09-21 00:51:00+00:00
891,2025-09-21 00:52:00+00:00
892,2025-09-21 00:53:00+00:00
893,2025-09-21 00:54:00+00:00
894,2025-09-21 00:55:00+00:00
895,2025-09-21 00:56:00+00:00
896,2025-09-21 00:57:00+00:00
897,2025-09-21 00:58:00+00:00
898,2025-09-21 00:59:00+00:00
899,2025-09-21 01:00:00+00:00
900,2025-09-21 01:01:00+00:00
901,2025-09-21 01:02:00+00:00
902,2025-09-21 01:03:00+00:00
903,2025-09-21 01:04:00+00:00
904,2025-09-21 01:05:00+00:00
905,2025-09-21 01:06:00+00:00
906,2025-09-21 01:07:00+00:00
907,2025-09-21 01:08:00+00:00
908,2025-09-21 01:09:00+00:00
909,2025-09-21 01:10:00+00:00
910,2025-09-21 01:11:00+00:00
911,2025-09-21 01:12:00+00:00
912,2025-09-21 01:13:00+00:00
913,2025-09-21 01:14:00+00:00
914,2025-09-21 01:15:00+00:00
915,2025-09-21 01:16:00+00:00
916,2025-09-21 01:17:00+00:00
917,2025-09-21 01:18:00+00:00
918,2025-09-21 01:19:00+00:00
919,2025-09-21 01:20:00+00:00
920,2025-09-21 01:21:00+00:00
921,2025-09-21 01:22:00+00:00
922,2025-09-21 01:23:00+00:00
923,2025-09-21 01:24:00+00:00
924,2025-09-21 01:25:00+00:00
925,2025-09-21 01:26:00+00:00
926,2025-09-21 01:27:00+00:00
927,2025-09-21 01:28:00+00:00
928,2025-09-21 01:29:00+00:00
929,2025-09-21 01:30:00+00:00
930,2025-09-21 01:31:00+00:00
931,2025-09-21 01:32:00+00:00
932,2025-09-21 01:33:00+00:00
933,2025-09-21 01:34:00+00:00
934,2025-09-21 01:35:00+00:00
935,2025-09-21 01:36:00+00:00
936,2025-09-21 01:37:00+00:00
937,2025-09-21 01:38:00+00:00
938,2025-09-21 01:39:00+00:00
939,2025-09-21 01:40:00+00:00
940,2025-09-21 01:41:00+00:00
941,2025-09-21 01:42:00+00:00
942,2025-09-21 01:43:00+00:00
943,2025-09-21 01:44:00+00:00
944,2025-09-21 01:45:00+00:00
945,2025-09-21 01:46:00+00:00
946,2025-09-21 01:47:00+00:00
947,2025-09-21 01:48:00+00:00
948,2025-09-21 01:49:00+00:00
949,2025-09-21 01:50:00+00:00
950,2025-09-21 09:11:00+00:00
951,2025-09-21 09:12:00+00:00
952,2025-09-21 09:13:00+00:00
953,2025-09-21 09:14:00+00:00
954,2025-09-21 09:15:00+00:00
955,2025-09-21 09:16:00+00:00
956,2025-09-21 09:17:00+00:00
957,2025-09-21 09:18:00+00:00
958,2025-09-21 09:19:00+00:00
959,2025-09-21 09:20:00+00:00
960,2025-09-21 09:21:00+00:00
961,2025-09-21 09:22:00+00:00
962,2025-09-21 09:23:00+00:00
963,2025-09-21 09:24:00+00:00
964,2025-09-21 09:25:00+00:00
965,2025-09-21 09:26:00+00:00
966,2025-09-21 09:27:00+00:00
967,2025-09-21 09:28:00+00:00
968,2025-09-21 09:29:00+00:00
969,2025-09-21 09:30:00+00:00
970,2025-09-21 09:31:00+00:00
971,2025-09-21 09:32:00+00:00
972,2025-09-21 09:33:00+00:00
973,2025-09-21 09:34:00+00:00
974,2025-09-21 09:35:00+00:00
975,2025-09-21 09:36:00+00:00
976,2025-09-21 09:37:00+00:00
977,2025-09-21 09:38:00+00:00
978,2025-09-21 09:39:00+00:00
979,2025-09-21 09:40:00+00:00
980,2025-09-21 09:41:00+00:00
981,2025-09-21 09:42:00+00:00
982,2025-09-21 09:43:00+00:00
983,2025-09-21 09:44:00+00:00
984,2025-09-21 09:45:00+00:00
985,2025-09-21 09:46:00+00:00
986,2025-09-21 09:47:00+00:00
987,2025-09-21 09:48:00+00:00
988,2025-09-21 09:49:00+00:00
989,2025-09-21 09:50:00+00:00
990,2025-09-21 09:51:00+00:00
991,2025-09-21 09:52:00+00:00
992,2025-09-21 09:53:00+00:00
993,2025-09-21 09:54:00+00:00
994,2025-09-21 09:55:00+00:00
995,2025-09-21 09:56:00+00:00
996,2025-09-21 09:57:00+00:00
997,2025-09-21 09:58:00+00:00
998,2025-09-21 09:59:00+00:00
999,2025-09-21 10:00:00+00:00
1000,2025-09-21 10:01:00+00:00
1001,2025-09-21 10:02:00+00:00
1002,2025-09-21 10:03:00+00:00
1003,2025-09-21 10:04:00+00:00
1004,2025-09-21 10:05:00+00:00
1005,2025-09-21 10:06:00+00:00
1006,2025-09-21 10:07:00+00:00
1007,2025-09-21 10:08:00+00:00
1008,2025-09-21 10:09:00+00:00
1009,2025-09-21 10:10:00+00:00
1010,2025-09-21 10:11:00+00:00
1011,2025-09-21 10:12:00+00:00
1012,2025-09-21 10:13:00+00:00
1013,2025-09-21 10:14:00+00:00
1014,2025-09-21 10:15:00+00:00
1015,2025-09-21 10:16:00+00:00
1016,2025-09-21 10:17:00+00:00
1017,2025-09-21 10:18:00+00:00
1018,2025-09-21 10:19:00+00:00
1019,2025-09-21 10:20:00+00:00
1020,2025-09-21 10:21:00+00:00
1021,2025-09-21 10:22:00+00:00
1022,2025-09-21 10:23:00+00:00
1023,2025-09-21 10:24:00+00:00
1024,2025-09-21 10:25:00+00:00
1025,2025-09-21 10:26:00+00:00
1026,2025-09-21 10:27:00+00:00
1027,2025-09-21 10:28:00+00:00
1028,2025-09-21 10:29:00+00:00
1029,2025-09-21 10:30:00+00:00
1030,2025-09-21 10:31:00+00:00
1031,2025-09-21 10:32:00+00:00
1032,2025-09-21 10:33:00+00:00
1033,2025-09-21 10:34:00+00:00
1034,2025-09-21 10:35:00+00:00
1035,2025-09-21 10:36:00+00:00
1036,2025-09-21 10:37:00+00:00
1037,2025-09-21 10:38:00+00:00
1038,2025-09-21 10:39:00+00:00
1039,2025-09-21 10:40:00+00:00
1040,2025-09-21 10:41:00+00:00
1041,2025-09-21 10:42:00+00:00
1042,2025-09-21 10:43:00+00:00
1043,2025-09-21 10:44:00+00:00
1044,2025-09-21 10:45:00+00:00
1045,2025-09-21 10:46:00+00:00
1046,2025-09-21 10:47:00+00:00
1047,2025-09-21 10:48:00+00:00
1048,2025-09-21 10:49:00+00:00
1049,2025-09-21 10:50:00+00:00
1050,2025-09-21 10:51:00+00:00
1051,2025-09-21 10:52:00+00:00
1052,2025-09-21 10:53:00+00:00
1053,2025-09-21 10:54:00+00:00
1054,2025-09-21 10:55:00+00:00
1055,2025-09-21 10:56:00+00:00
1056,2025-09-21 10:57:00+00:00
1057,2025-09-21 10:58:00+00:00
1058,2025-09-21 10:59:00+00:00
1059,2025-09-21 11:00:00+00:00
1060,2025-09-21 11:01:00+00:00
1061,2025-09-21 11:02:00+00:00
1062,2025-09-21 11:03:00+00:00
1063,2025-09-21 11:04:00+00:00
1064,2025-09-21 11:05:00+00:00
1065,2025-09-21 11:06:00+00:00
1066,2025-09-21 11:07:00+00:00
1067,2025-09-21 11:08:00+00:00
1068,2025-09-21 11:09:00+00:00
1069,2025-09-21 11:10:00+00:00
1070,2025-09-21 11:11:00+00:00
1071,2025-09-21 11:12:00+00:00
1072,2025-09-21 11:13:00+00:00
1073,2025-09-21 11:14:00+00:00
1074,2025-09-21 11:15:00+00:00
1075,2025-09-21 11:16:00+00:00
1076,2025-09-21 11:17:00+00:00
1077,2025-09-21 11:18:00+00:00
1078,2025-09-21 11:19:00+00:00
1079,2025-09-21 11:20:00+00:00
1080,2025-09-21 11:21:00+00:00
1081,2025-09-21 11:22:00+00:00
1082,2025-09-21 11:23:00+00:00
1083,2025-09-21 11:24:00+00:00
1084,2025-09-21 11:25:00+00:00
1085,2025-09-21 11:26:00+00:00
1086,2025-09-21 11:27:00+00:00
1087,2025-09-21 11:28:00+00:00
1088,2025-09-21 11:29:00+00:00
1089,2025-09-21 11:30:00+00:00
1090,2025-09-21 11:31:00+00:00
1091,2025-09-21 11:32:00+00:00
1092,2025-09-21 11:33:00+00:00
1093,2025-09-21 11:34:00+00:00
1094,2025-09-21 11:35:00+00:00
1095,2025-09-21 11:36:00+00:00
1096,2025-09-21 11:37:00+00:00
1097,2025-09-21 11:38:00+00:00
1098,2025-09-21 11:39:00+00:00
1099,2025-09-21 11:40:00+00:00
1100,2025-09-21 11:41:00+00:00
1101,2025-09-21 11:42:00+00:00
1102,2025-09-21 11:43:00+00:00
1103,2025-09-21 11:44:00+00:00
1104,2025-09-21 11:45:00+00:00
1105,2025-09-21 11:46:00+00:00
1106,2025-09-21 11:47:00+00:00
1107,2025-09-21 11:48:00+00:00
1108,2025-09-21 11:49:00+00:00
1109,2025-09-21 11:50:00+00:00
1110,2025-09-21 11:51:00+00:00
1111,2025-09-21 11:52:00+00:00
1112,2025-09-21 11:53:00+00:00
1113,2025-09-21 11:54:00+00:00
1114,2025-09-21 11:55:00+00:00
1115,2025-09-21 11:56:00+00:00
1116,2025-09-21 11:57:00+00:00
1117,2025-09-21 11:58:00+00:00
1118,2025-09-21 11:59:00+00:00
1119,2025-09-21 12:00:00+00:00
1120,2025-09-21 12:01:00+00:00
1121,2025-09-21 12:02:00+00:00
1122,2025-09-21 12:03:00+00:00
1123,2025-09-21 12:04:00+00:00
1124,2025-09-21 12:05:00+00:00
1125,2025-09-21 12:06:00+00:00
1126,2025-09-21 12:07:00+00:00
1127,2025-09-21 12:08:00+00:00
1128,2025-09-21 12:09:00+00:00
1129,2025-09-21 12:10:00+00:00
1130,2025-09-21 12:11:00+00:00
1131,2025-09-21 12:12:00+00:00
1132,2025-09-21 12:13:00+00:00
1133,2025-09-21 12:14:00+00:00
1134,2025-09-21 12:15:00+00:00
1135,2025-09-21 12:16:00+00:00
1136,2025-09-21 12:17:00+00:00
1137,2025-09-21 12:18:00+00:00
1138,2025-09-21 12:19:00+00:00
1139,2025-09-21 12:20:00+00:00
1140,2025-09-21 12:21:00+00:00
1141,2025-09-21 12:22:00+00:00
1142,2025-09-21 12:23:00+00:00
1143,2025-09-21 12:24:00+00:00
1144,2025-09-21 12:25:00+00:00
1145,2025-09-21 12:26:00+00:00
1146,2025-09-21 12:27:00+00:00
1147,2025-09-21 12:28:00+00:00
1148,2025-09-21 12:29:00+00:00
1149,2025-09-21 12:30:00+00:00
1150,2025-09-21 12:31:00+00:00
1151,2025-09-21 12:32:00+00:00
1152,2025-09-21 12:33:00+00:00
1153,2025-09-21 12:34:00+00:00
1154,2025-09-21 12:35:00+00:00
1155,2025-09-21 12:36:00+00:00
1156,2025-09-21 12:37:00+00:00
1157,2025-09-21 12:38:00+00:00
1158,2025-09-21 12:39:00+00:00
1159,2025-09-21 12:40:00+00:00
1160,2025-09-21 12:41:00+00:00
1161,2025-09-21 12:42:00+00:00
1162,2025-09-21 12:43:00+00:00
1163,2025-09-21 12:44:00+00:00
1164,2025-09-21 12:45:00+00:00
1165,2025-09-21 12:46:00+00:00
1166,2025-09-21 12:47:00+00:00
1167,2025-09-21 12:48:00+00:00
1168,2025-09-21 12:49:00+00:00
1169,2025-09-21 12:50:00+00:00
1170,2025-09-21 12:51:00+00:00
1171,2025-09-21 12:52:00+00:00
1172,2025-09-21 12:53:00+00:00
1173,2025-09-21 12:54:00+00:00
1174,2025-09-21 12:55:00+00:00
1175,2025-09-21 12:56:00+00:00
1176,2025-09-21 12:57:00+00:00
1177,2025-09-21 12:58:00+00:00
1178,2025-09-21 12:59:00+00:00
1179,2025-09-21 13:00:00+00:00
1180,2025-09-21 13:01:00+00:00
1181,2025-09-21 13:02:00+00:00
1182,2025-09-21 13:03:00+00:00
1183,2025-09-21 13:04:00+00:00
1184,2025-09-21 13:05:00+00:00
1185,2025-09-21 13:06:00+00:00
1186,2025-09-21 13:07:00+00:00
1187,2025-09-21 13:08:00+00:00
1188,2025-09-21 13:09:00+00:00
1189,2025-09-21 13:10:00+00:00
1190,2025-09-21 13:11:00+00:00
1191,2025-09-21 13:12:00+00:00
1192,2025-09-21 13:13:00+00:00
1193,2025-09-21 13:14:00+00:00
1194,2025-09-21 13:15:00+00:00
1195,2025-09-21 13:16:00+00:00
1196,2025-09-21 13:17:00+00:00
1197,2025-09-21 13:18:00+00:00
1198,2025-09-21 13:19:00+00:00
1199,2025-09-21 13:20:00+00:00
1200,2025-09-21 13:21:00+00:00
1201,2025-09-21 13:22:00+00:00
1202,2025-09-21 13:23:00+00:00
1203,2025-09-21 13:24:00+00:00
1204,2025-09-21 13:25:00+00:00
1205,2025-09-21 13:26:00+00:00
1206,2025-09-21 13:27:00+00:00
1207,2025-09-21 13:28:00+00:00
1208,2025-09-21 13:29:00+00:00
1209,2025-09-21 13:30:00+00:00
1210,2025-09-21 13:31:00+00:00
1211,2025-09-21 13:32:00+00:00
1212,2025-09-21 13:33:00+00:00
1213,2025-09-21 13:34:00+00:00
1214,2025-09-21 13:35:00+00:00
1215,2025-09-21 13:36:00+00:00
1216,2025-09-21 13:37:00+00:00
1217,2025-09-21 13:38:00+00:00
1218,2025-09-21 13:39:00+00:00
1219,2025-09-21 13:40:00+00:00
1220,2025-09-21 13:41:00+00:00
1221,2025-09-21 13:42:00+00:00
1222,2025-09-21 13:43:00+00:00
1223,2025-09-21 13:44:00+00:00
1224,2025-09-21 13:45:00+00:00
1225,2025-09-21 13:46:00+00:00
1226,2025-09-21 13:47:00+00:00
1227,2025-09-21 13:48:00+00:00
1228,2025-09-21 13:49:00+00:00
1229,2025-09-21 13:50:00+00:00
1230,2025-09-21 13:51:00+00:00
1231,2025-09-21 13:52:00+00:00
1232,2025-09-21 13:53:00+00:00
1233,2025-09-21 13:54:00+00:00
1234,2025-09-21 13:55:00+00:00
1235,2025-09-21 13:56:00+00:00
1236,2025-09-21 13:57:00+00:00
1237,2025-09-21 13:58:00+00:00
1238,2025-09-21 13:59:00+00:00
1239,2025-09-21 14:00:00+00:00
1240,2025-09-21 14:01:00+00:00
1241,2025-09-21 14:02:00+00:00
1242,2025-09-21 14:03:00+00:00
1243,2025-09-21 14:04:00+00:00
1244,2025-09-21 14:05:00+00:00
1245,2025-09-21 14:06:00+00:00
1246,2025-09-21 14:07:00+00:00
1247,2025-09-21 14:08:00+00:00
1248,2025-09-21 14:09:00+00:00
1249,2025-09-21 14:10:00+00:00
1250,2025-09-21 14:11:00+00:00
1251,2025-09-21 14:12:00+00:00
1252,2025-09-21 14:13:00+00:00
1253,2025-09-21 14:14:00+00:00
1254,2025-09-21 14:15:00+00:00
1255,2025-09-21 14:16:00+00:00
1256,2025-09-21 14:17:00+00:00
1257,2025-09-21 14:18:00+00:00
1258,2025-09-21 14:19:00+00:00
1259,2025-09-21 14:20:00+00:00
1260,2025-09-21 14:21:00+00:00
1261,2025-09-21 14:22:00+00:00
1262,2025-09-21 14:23:00+00:00
1263,2025-09-21 14:24:00+00:00
1264,2025-09-21 14:25:00+00:00
1265,2025-09-21 14:26:00+00:00
1266,2025-09-21 14:27:00+00:00
1267,2025-09-21 14:28:00+00:00
1268,2025-09-21 14:29:00+00:00
1269,2025-09-21 14:30:00+00:00
1270,2025-09-21 14:31:00+00:00
1271,2025-09-21 14:32:00+00:00
1272,2025-09-21 14:33:00+00:00
1273,2025-09-21 14:34:00+00:00
1274,2025-09-21 14:35:00+00:00
1275,2025-09-21 14:36:00+00:00
1276,2025-09-21 14:37:00+00:00
1277,2025-09-21 14:38:00+00:00
1278,2025-09-21 14:39:00+00:00
1279,2025-09-21 14:40:00+00:00
1280,2025-09-21 14:41:00+00:00
1281,2025-09-21 14:42:00+00:00
1282,2025-09-21 14:43:00+00:00
1283,2025-09-21 14:44:00+00:00
1284,2025-09-21 14:45:00+00:00
1285,2025-09-21 14:46:00+00:00
1286,2025-09-21 14:47:00+00:00
1287,2025-09-21 14:48:00+00:00
1288,2025-09-21 14:49:00+00:00
1289,2025-09-21 14:50:00+00:00
1290,2025-09-21 14:51:00+00:00
1291,2025-09-21 14:52:00+00:00
1292,2025-09-21 14:53:00+00:00
1293,2025-09-21 14:54:00+00:00
1294,2025-09-21 14:55:00+00:00
1295,2025-09-21 14:56:00+00:00
1296,2025-09-21 14:57:00+00:00
1297,2025-09-21 14:58:00+00:00
1298,2025-09-21 14:59:00+00:00
1299,2025-09-21 15:00:00+00:00
1300,2025-09-21 15:01:00+00:00
1301,2025-09-21 15:02:00+00:00
1302,2025-09-21 15:03:00+00:00
1303,2025-09-21 15:04:00+00:00
1304,2025-09-21 15:05:00+00:00
1305,2025-09-21 15:06:00+00:00
1306,2025-09-21 15:07:00+00:00
1307,2025-09-21 15:08:00+00:00
1308,2025-09-21 15:09:00+00:00
1309,2025-09-21 15:10:00+00:00
1310,2025-09-21 15:11:00+00:00
1311,2025-09-21 15:12:00+00:00
1312,2025-09-21 15:13:00+00:00
1313,2025-09-21 15:14:00+00:00
1314,2025-09-21 15:15:00+00:00
1315,2025-09-21 15:16:00+00:00
1316,2025-09-21 15:17:00+00:00
1317,2025-09-21 15:18:00+00:00
1318,2025-09-21 15:19:00+00:00
1319,2025-09-21 15:20:00+00:00
1320,2025-09-21 15:21:00+00:00
1321,2025-09-21 15:22:00+00:00
1322,2025-09-21 15:23:00+00:00
1323,2025-09-21 15:24:00+00:00
1324,2025-09-21 15:25:00+00:00
1325,2025-09-21 15:26:00+00:00
1326,2025-09-21 15:27:00+00:00
1327,2025-09-21 15:28:00+00:00
1328,2025-09-21 15:29:00+00:00
1329,2025-09-21 15:30:00+00:00
1330,2025-09-21 15:31:00+00:00
1331,2025-09-21 15:32:00+00:00
1332,2025-09-21 15:33:00+00:00
1333,2025-09-21 15:34:00+00:00
1334,2025-09-21 15:35:00+00:00
1335,2025-09-21 15:36:00+00:00
1336,2025-09-21 15:37:00+00:00
1337,2025-09-21 15:38:00+00:00
1338,2025-09-21 15:39:00+00:00
1339,2025-09-21 15:40:00+00:00
1340,2025-09-21 15:41:00+00:00
1341,2025-09-21 15:42:00+00:00
1342,2025-09-21 15:43:00+00:00
1343,2025-09-21 15:44:00+00:00
1344,2025-09-21 15:45:00+00:00
1345,2025-09-21 15:46:00+00:00
1346,2025-09-21 15:47:00+00:00
1347,2025-09-21 15:48:00+00:00
1348,2025-09-21 15:49:00+00:00
1349,2025-09-21 15:50:00+00:00
1350,2025-09-21 15:51:00+00:00
1351,2025-09-21 15:52:00+00:00
1352,2025-09-21 15:53:00+00:00
1353,2025-09-21 15:54:00+00:00
1354,2025-09-21 15:55:00+00:00
1355,2025-09-21 15:56:00+00:00
1356,2025-09-21 15:57:00+00:00
1357,2025-09-21 15:58:00+00:00
1358,2025-09-21 15:59:00+00:00
1359,2025-09-21 16:00:00+00:00
1360,2025-09-21 16:01:00+00:00
1361,2025-09-21 16:02:00+00:00
1362,2025-09-21 16:03:00+00:00
1363,2025-09-21 16:04:00+00:00
1364,2025-09-21 16:05:00+00:00
1365,2025-09-21 16:06:00+00:00
1366,2025-09-21 16:07:00+00:00
1367,2025-09-21 16:08:00+00:00
1368,2025-09-21 16:09:00+00:00
1369,2025-09-21 16:10:00+00:00
1370,2025-09-21 16:11:00+00:00
1371,2025-09-21 16:12:00+00:00
1372,2025-09-21 16:13:00+00:00
1373,2025-09-21 16:14:00+00:00
1374,2025-09-21 16:15:00+00:00
1375,2025-09-21 16:16:00+00:00
1376,2025-09-21 16:17:00+00:00
1377,2025-09-21 16:18:00+00:00
1378,2025-09-21 16:19:00+00:00
1379,2025-09-21 16:20:00+00:00
1380,2025-09-21 16:21:00+00:00
1381,2025-09-21 16:22:00+00:00
1382,2025-09-21 16:23:00+00:00
1383,2025-09-21 16:24:00+00:00
1384,2025-09-21 16:25:00+00:00
1385,2025-09-21 16:26:00+00:00
1386,2025-09-21 16:27:00+00:00
1387,2025-09-21 16:28:00+00:00
1388,2025-09-21 16:29:00+00:00
1389,2025-09-21 16:30:00+00:00
1390,2025-09-21 16:31:00+00:00
1391,2025-09-21 16:32:00+00:00
1392,2025-09-21 16:33:00+00:00
1393,2025-09-21 16:34:00+00:00
1394,2025-09-21 16:35:00+00:00
1395,2025-09-21 16:36:00+00:00
1396,2025-09-21 16:37:00+00:00
1397,2025-09-21 16:38:00+00:00
1398,2025-09-21 16:39:00+00:00
1399,2025-09-21 16:40:00+00:00
1400,2025-09-21 16:41:00+00:00
1401,2025-09-21 16:42:00+00:00
1402,2025-09-21 16:43:00+00:00
1403,2025-09-21 16:44:00+00:00
1404,2025-09-21 16:45:00+00:00
1405,2025-09-21 16:46:00+00:00
1406,2025-09-21 16:47:00+00:00
1407,2025-09-21 16:48:00+00:00
1408,2025-09-21 16:49:00+00:00
1409,2025-09-21 16:50:00+00:00
1410,2025-09-21 16:51:00+00:00
1411,2025-09-21 16:52:00+00:00
1412,2025-09-21 16:53:00+00:00
1413,2025-09-21 16:54:00+00:00
1414,2025-09-21 16:55:00+00:00
1415,2025-09-21 16:56:00+00:00
1416,2025-09-21 16:57:00+00:00
1417,2025-09-21 16:58:00+00:00
1418,2025-09-21 16:59:00+00:00
1419,2025-09-21 17:00:00+00:00
1420,2025-09-21 17:01:00+00:00
1421,2025-09-21 17:02:00+00:00
1422,2025-09-21 17:03:00+00:00
1423,2025-09-21 17:04:00+00:00
1424,2025-09-21 17:05:00+00:00
1425,2025-09-21 17:06:00+00:00
1426,2025-09-21 17:07:00+00:00
1427,2025-09-21 17:08:00+00:00
1428,2025-09-21 17:09:00+00:00
1429,2025-09-21 17:10:00+00:00
1430,2025-09-21 17:11:00+00:00
1431,2025-09-21 17:12:00+00:00
1432,2025-09-21 17:13:00+00:00
1433,2025-09-21 17:14:00+00:00
1434,2025-09-21 17:15:00+00:00
1435,2025-09-21 17:16:00+00:00
1436,2025-09-21 17:17:00+00:00
1437,2025-09-21 17:18:00+00:00
1438,2025-09-21 17:19:00+00:00
1439,2025-09-21 17:20:00+00:00
1440,2025-09-21 17:21:00+00:00
1441,2025-09-21 17:22:00+00:00
1442,2025-09-21 17:23:00+00:00
1443,2025-09-21 17:24:00+00:00
1444,2025-09-21 17:25:00+00:00
1445,2025-09-21 17:26:00+00:00
1446,2025-09-21 17:27:00+00:00
1447,2025-09-21 17:28:00+00:00
1448,2025-09-21 17:29:00+00:00
1449,2025-09-21 17:30:00+00:00
1450,2025-09-21 17:31:00+00:00
1451,2025-09-21 17:32:00+00:00
1452,2025-09-21 17:33:00+00:00
1453,2025-09-21 17:34:00+00:00
1454,2025-09-21 17:35:00+00:00
1455,2025-09-21 17:36:00+00:00
1456,2025-09-21 17:37:00+00:00
1457,2025-09-21 17:38:00+00:00
1458,2025-09-21 17:39:00+00:00
1459,2025-09-21 17:40:00+00:00
1460,2025-09-21 17:41:00+00:00
1461,2025-09-21 17:42:00+00:00
1462,2025-09-21 17:43:00+00:00
1463,2025-09-21 17:44:00+00:00
1464,2025-09-21 17:45:00+00:00
1465,2025-09-21 17:46:00+00:00
1466,2025-09-21 17:47:00+00:00
1467,2025-09-21 17:48:00+00:00
1468,2025-09-21 17:49:00+00:00
1469,2025-09-21 17:50:00+00:00
1470,2025-09-21 17:51:00+00:00
1471,2025-09-21 17:52:00+00:00
1472,2025-09-21 17:53:00+00:00
1473,2025-09-21 17:54:00+00:00
1474,2025-09-21 17:55:00+00:00
1475,2025-09-21 17:56:00+00:00
1476,2025-09-21 17:57:00+00:00
1477,2025-09-21 17:58:00+00:00
1478,2025-09-21 17:59:00+00:00
1479,2025-09-21 18:00:00+00:00
1480,2025-09-21 18:01:00+00:00
1481,2025-09-21 18:02:00+00:00
1482,2025-09-21 18:03:00+00:00
1483,2025-09-21 18:04:00+00:00
1484,2025-09-21 18:05:00+00:00
1485,2025-09-21 18:06:00+00:00
1486,2025-09-21 18:07:00+00:00
1487,2025-09-21 18:08:00+00:00
1488,2025-09-21 18:09:00+00:00
1489,2025-09-21 18:10:00+00:00
1490,2025-09-21 18:11:00+00:00
1491,2025-09-21 18:12:00+00:00
1492,2025-09-21 18:13:00+00:00
1493,2025-09-21 18:14:00+00:00
1494,2025-09-21 18:15:00+00:00
1495,2025-09-21 18:16:00+00:00
1496,2025-09-21 18:17:00+00:00
1497,2025-09-21 18:18:00+00:00
1498,2025-09-21 18:19:00+00:00
1499,2025-09-21 18:20:00+00:00
1500,2025-09-21 18:21:00+00:00
1501,2025-09-21 18:22:00+00:00
1502,2025-09-21 18:23:00+00:00
1503,2025-09-21 18:24:00+00:00
1504,2025-09-21 18:25:00+00:00
1505,2025-09-21 18:26:00+00:00
1506,2025-09-21 18:27:00+00:00
1507,2025-09-21 18:28:00+00:00
1508,2025-09-21 18:29:00+00:00
1509,2025-09-21 18:30:00+00:00
1510,2025-09-21 18:31:00+00:00
1511,2025-09-21 18:32:00+00:00
1512,2025-09-21 18:33:00+00:00
1513,2025-09-21 18:34:00+00:00
1514,2025-09-21 18:35:00+00:00
1515,2025-09-21 18:36:00+00:00
1516,2025-09-21 18:37:00+00:00
1517,2025-09-21 18:38:00+00:00
1518,2025-09-21 18:39:00+00:00
1519,2025-09-21 18:40:00+00:00
1520,2025-09-21 18:41:00+00:00
1521,2025-09-21 18:42:00+00:00
1522,2025-09-21 18:43:00+00:00
1523,2025-09-21 18:44:00+00:00
1524,2025-09-21 18:45:00+00:00
1525,2025-09-21 18:46:00+00:00
1526,2025-09-21 18:47:00+00:00
1527,2025-09-21 18:48:00+00:00
1528,2025-09-21 18:49:00+00:00
1529,2025-09-21 18:50:00+00:00
1530,2025-09-21 18:51:00+00:00
1531,2025-09-21 18:52:00+00:00
1532,2025-09-21 18:53:00+00:00
1533,2025-09-21 18:54:00+00:00
1534,2025-09-21 18:55:00+00:00
1535,2025-09-21 18:56:00+00:00
1536,2025-09-21 18:57:00+00:00
1537,2025-09-21 18:58:00+00:00
1538,2025-09-21 18:59:00+00:00
1539,2025-09-21 19:00:00+00:00
1540,2025-09-21 19:01:00+00:00
1541,2025-09-21 19:02:00+00:00
1542,2025-09-21 19:03:00+00:00
1543,2025-09-21 19:04:00+00:00
1544,2025-09-21 19:05:00+00:00
1545,2025-09-21 19:06:00+00:00
1546,2025-09-21 19:07:00+00:00
1547,2025-09-21 19:08:00+00:00
1548,2025-09-21 19:09:00+00:00
1549,2025-09-21 19:10:00+00:00
1550,2025-09-21 19:11:00+00:00
1551,2025-09-21 19:12:00+00:00
1552,2025-09-21 19:13:00+00:00
1553,2025-09-21 19:14:00+00:00
1554,2025-09-21 19:15:00+00:00
1555,2025-09-21 19:16:00+00:00
1556,2025-09-21 19:17:00+00:00
1557,2025-09-21 19:18:00+00:00
1558,2025-09-21 19:19:00+00:00
1559,2025-09-21 19:20:00+00:00
1560,2025-09-21 19:21:00+00:00
1561,2025-09-21 19:22:00+00:00
1562,2025-09-21 19:23:00+00:00
1563,2025-09-21 19:24:00+00:00
1564,2025-09-21 19:25:00+00:00
1565,2025-09-21 19:26:00+00:00
1566,2025-09-21 19:27:00+00:00
1567,2025-09-21 19:28:00+00:00
1568,2025-09-21 19:29:00+00:00
1569,2025-09-21 19:30:00+00:00
1570,2025-09-21 19:31:00+00:00
1571,2025-09-21 19:32:00+00:00
1572,2025-09-21 19:33:00+00:00
1573,2025-09-21 19:34:00+00:00
1574,2025-09-21 19:35:00+00:00
1575,2025-09-21 19:36:00+00:00
1576,2025-09-21 19:37:00+00:00
1577,2025-09-21 19:38:00+00:00
1578,2025-09-21 19:39:00+00:00
1579,2025-09-21 19:40:00+00:00
1580,2025-09-21 19:41:00+00:00
1581,2025-09-21 19:42:00+00:00
1582,2025-09-21 19:43:00+00:00
1583,2025-09-21 19:44:00+00:00
1584,2025-09-21 19:45:00+00:00
1585,2025-09-21 19:46:00+00:00
1586,2025-09-21 19:47:00+00:00
1587,2025-09-21 19:48:00+00:00
1588,2025-09-21 19:49:00+00:00
1589,2025-09-21 19:50:00+00:00
1590,2025-09-21 19:51:00+00:00
1591,2025-09-21 19:52:00+00:00
1592,2025-09-21 19:53:00+00:00
1593,2025-09-21 19:54:00+00:00
1594,2025-09-21 19:55:00+00:00
1595,2025-09-21 19:56:00+00:00
1596,2025-09-21 19:57:00+00:00
1597,2025-09-21 19:58:00+00:00
1598,2025-09-21 19:59:00+00:00
1599,2025-09-21 20:00:00+00:00
1600,2025-09-21 20:01:00+00:00
1601,2025-09-21 20:02:00+00:00
1602,2025-09-21 20:03:00+00:00
1603,2025-09-21 20:04:00+00:00
1604,2025-09-21 20:05:00+00:00
1605,2025-09-21 20:06:00+00:00
1606,2025-09-21 20:07:00+00:00
1607,2025-09-21 20:08:00+00:00
1608,2025-09-21 20:09:00+00:00
1609,2025-09-21 20:10:00+00:00
1610,2025-09-21 20:11:00+00:00
1611,2025-09-21 20:12:00+00:00
1612,2025-09-21 20:13:00+00:00
1613,2025-09-21 20:14:00+00:00
1614,2025-09-21 20:15:00+00:00
1615,2025-09-21 20:16:00+00:00
1616,2025-09-21 20:17:00+00:00
1617,2025-09-21 20:18:00+00:00
1618,2025-09-21 20:19:00+00:00
1619,2025-09-21 20:20:00+00:00
1620,2025-09-21 20:21:00+00:00
1621,2025-09-21 20:22:00+00:00
1622,2025-09-21 20:23:00+00:00
1623,2025-09-21 20:24:00+00:00
1624,2025-09-21 20:25:00+00:00
1625,2025-09-21 20:26:00+00:00
1626,2025-09-21 20:27:00+00:00
1627,2025-09-21 20:28:00+00:00
1628,2025-09-21 20:29:00+00:00
1629,2025-09-21 20:30:00+00:00
1630,2025-09-21 20:31:00+00:00
1631,2025-09-21 20:32:00+00:00
1632,2025-09-21 20:33:00+00:00
1633,2025-09-21 20:34:00+00:00
1634,2025-09-21 20:35:00+00:00
1635,2025-09-21 20:36:00+00:00
1636,2025-09-21 20:37:00+00:00
1637,2025-09-21 20:38:00+00:00
1638,2025-09-21 20:39:00+00:00
1639,2025-09-21 20:40:00+00:00
1640,2025-09-21 20:41:00+00:00
1641,2025-09-21 20:42:00+00:00
1642,2025-09-21 20:43:00+00:00
1643,2025-09-21 20:44:00+00:00
1644,2025-09-21 20:45:00+00:00
1645,2025-09-21 20:46:00+00:00
1646,2025-09-21 20:47:00+00:00
1647,2025-09-21 20:48:00+00:00
1648,2025-09-21 20:49:00+00:00
1649,2025-09-21 20:50:00+00:00
1650,2025-09-21 20:51:00+00:00
1651,2025-09-21 20:52:00+00:00
1652,2025-09-21 20:53:00+00:00
1653,2025-09-21 20:54:00+00:00
1654,2025-09-21 20:55:00+00:00
1655,2025-09-21 20:56:00+00:00
1656,2025-09-21 20:57:00+00:00
1657,2025-09-21 20:58:00+00:00
1658,2025-09-21 20:59:00+00:00
1659,2025-09-21 21:00:00+00:00
1660,2025-09-21 21:01:00+00:00
1661,2025-09-21 21:02:00+00:00
1662,2025-09-21 21:03:00+00:00
1663,2025-09-21 21:04:00+00:00
1664,2025-09-21 21:05:00+00:00
1665,2025-09-21 21:06:00+00:00
1666,2025-09-21 21:07:00+00:00
1667,2025-09-21 21:08:00+00:00
1668,2025-09-21 21:09:00+00:00
1669,2025-09-21 21:10:00+00:00
1670,2025-09-21 21:11:00+00:00
1671,2025-09-21 21:12:00+00:00
1672,2025-09-21 21:13:00+00:00
1673,2025-09-21 21:14:00+00:00
1674,2025-09-21 21:15:00+00:00
1675,2025-09-21 21:16:00+00:00
1676,2025-09-21 21:17:00+00:00
1677,2025-09-21 21:18:00+00:00
1678,2025-09-21 21:19:00+00:00
1679,2025-09-21 21:20:00+00:00
1680,2025-09-21 21:21:00+00:00
1681,2025-09-21 21:22:00+00:00
1682,2025-09-21 21:23:00+00:00
1683,2025-09-21 21:24:00+00:00
1684,2025-09-21 21:25:00+00:00
1685,2025-09-21 21:26:00+00:00
1686,2025-09-21 21:27:00+00:00
1687,2025-09-21 21:28:00+00:00
1688,2025-09-21 21:29:00+00:00
1689,2025-09-21 21:30:00+00:00
1690,2025-09-21 21:31:00+00:00
1691,2025-09-21 21:32:00+00:00
1692,2025-09-21 21:33:00+00:00
1693,2025-09-21 21:34:00+00:00
1694,2025-09-21 21:35:00+00:00
1695,2025-09-21 21:36:00+00:00
1696,2025-09-21 21:37:00+00:00
1697,2025-09-21 21:38:00+00:00
1698,2025-09-21 21:39:00+00:00
1699,2025-09-21 21:40:00+00:00
1700,2025-09-21 21:41:00+00:00
1701,2025-09-21 21:42:00+00:00
1702,2025-09-21 21:43:00+00:00
1703,2025-09-21 21:44:00+00:00
1704,2025-09-21 21:45:00+00:00
1705,2025-09-21 21:46:00+00:00
1706,2025-09-21 21:47:00+00:00
1707,2025-09-21 21:48:00+00:00
1708,2025-09-21 21:49:00+00:00
1709,2025-09-21 21:50:00+00:00
1710,2025-09-21 21:51:00+00:00
1711,2025-09-21 21:52:00+00:00
1712,2025-09-21 21:53:00+00:00
1713,2025-09-21 21:54:00+00:00
1714,2025-09-21 21:55:00+00:00
1715,2025-09-21 21:56:00+00:00
1716,2025-09-21 21:57:00+00:00
1717,2025-09-21 21:58:00+00:00
1718,2025-09-21 21:59:00+00:00
1719,2025-09-21 22:00:00+00:00
1720,2025-09-21 22:01:00+00:00
1721,2025-09-21 22:02:00+00:00
1722,2025-09-21 22:03:00+00:00
1723,2025-09-21 22:04:00+00:00
1724,2025-09-21 22:05:00+00:00
1725,2025-09-21 22:06:00+00:00
1726,2025-09-21 22:07:00+00:00
1727,2025-09-21 22:08:00+00:00
1728,2025-09-21 22:09:00+00:00
1729,2025-09-21 22:10:00+00:00
1730,2025-09-21 22:11:00+00:00
1731,2025-09-21 22:12:00+00:00
1732,2025-09-21 22:13:00+00:00
1733,2025-09-21 22:14:00+00:00
1734,2025-09-21 22:15:00+00:00
1735,2025-09-21 22:16:00+00:00
1736,2025-09-21 22:17:00+00:00
1737,2025-09-21 22:18:00+00:00
1738,2025-09-21 22:19:00+00:00
1739,2025-09-21 22:20:00+00:00
1740,2025-09-21 22:21:00+00:00
1741,2025-09-21 22:22:00+00:00
1742,2025-09-21 22:23:00+00:00
1743,2025-09-21 22:24:00+00:00
1744,2025-09-21 22:25:00+00:00
1745,2025-09-21 22:26:00+00:00
1746,2025-09-21 22:27:00+00:00
1747,2025-09-21 22:28:00+00:00
1748,2025-09-21 22:29:00+00:00
1749,2025-09-21 22:30:00+00:00
1750,2025-09-21 22:31:00+00:00
1751,2025-09-21 22:32:00+00:00
1752,2025-09-21 22:33:00+00:00
1753,2025-09-21 22:34:00+00:00
1754,2025-09-21 22:35:00+00:00
1755,2025-09-21 22:36:00+00:00
1756,2025-09-21 22:37:00+00:00
1757,2025-09-21 22:38:00+00:00
1758,2025-09-21 22:39:00+00:00
1759,2025-09-21 22:40:00+00:00
1760,2025-09-21 22:41:00+00:00
1761,2025-09-21 22:42:00+00:00
1762,2025-09-21 22:43:00+00:00
1763,2025-09-21 22:44:00+00:00
1764,2025-09-21 22:45:00+00:00
1765,2025-09-21 22:46:00+00:00
1766,2025-09-21 22:47:00+00:00
1767,2025-09-21 22:48:00+00:00
1768,2025-09-21 22:49:00+00:00
1769,2025-09-21 22:50:00+00:00
1770,2025-09-21 22:51:00+00:00
1771,2025-09-21 22:52:00+00:00
1772,2025-09-21 22:53:00+00:00
1773,2025-09-21 22:54:00+00:00
1774,2025-09-21 22:55:00+00:00
1775,2025-09-21 22:56:00+00:00
1776,2025-09-21 22:57:00+00:00
1777,2025-09-21 22:58:00+00:00
1778,2025-09-21 22:59:00+00:00
1779,2025-09-21 23:00:00+00:00
1780,2025-09-21 23:01:00+00:00
1781,2025-09-21 23:02:00+00:00
1782,2025-09-21 23:03:00+00:00
1783,2025-09-21 23:04:00+00:00
1784,2025-09-21 23:05:00+00:00
1785,2025-09-21 23:06:00+00:00
1786,2025-09-21 23:07:00+00:00
1787,2025-09-21 23:08:00+00:00
1788,2025-09-21 23:09:00+00:00
1789,2025-09-21 23:10:00+00:00
1790,2025-09-21 23:11:00+00:00
1791,2025-09-21 23:12:00+00:00
1792,2025-09-21 23:13:00+00:00
1793,2025-09-21 23:14:00+00:00
1794,2025-09-21 23:15:00+00:00
1795,2025-09-21 23:16:00+00:00
1796,2025-09-21 23:17:00+00:00
1797,2025-09-21 23:18:00+00:00
1798,2025-09-21 23:19:00+00:00
1799,2025-09-21 23:20:00+00:00
1800,2025-09-21 23:21:00+00:00
1801,2025-09-21 23:22:00+00:00
1802,2025-09-21 23:23:00+00:00
1803,2025-09-21 23:24:00+00:00
1804,2025-09-21 23:25:00+00:00
1805,2025-09-21 23:26:00+00:00
1806,2025-09-21 23:27:00+00:00
1807,2025-09-21 23:28:00+00:00
1808,2025-09-21 23:29:00+00:00
1809,2025-09-21 23:30:00+00:00
1810,2025-09-21 23:31:00+00:00
1811,2025-09-21 23:32:00+00:00
1812,2025-09-21 23:33:00+00:00
1813,2025-09-21 23:34:00+00:00
1814,2025-09-21 23:35:00+00:00
1815,2025-09-21 23:36:00+00:00
1816,2025-09-21 23:37:00+00:00
1817,2025-09-21 23:38:00+00:00
1818,2025-09-21 23:39:00+00:00
1819,2025-09-21 23:40:00+00:00
1820,2025-09-21 23:41:00+00:00
1821,2025-09-21 23:42:00+00:00
1822,2025-09-21 23:43:00+00:00
1823,2025-09-21 23:44:00+00:00
1824,2025-09-21 23:45:00+00:00
1825,2025-09-21 23:46:00+00:00
1826,2025-09-21 23:47:00+00:00
1827,2025-09-21 23:48:00+00:00
1828,2025-09-21 23:49:00+00:00
1829,2025-09-21 23:50:00+00:00
1830,2025-09-21 23:51:00+00:00
1831,2025-09-21 23:52:00+00:00
1832,2025-09-21 23:53:00+00:00
1833,2025-09-21 23:54:00+00:00
1834,2025-09-21 23:55:00+00:00
1835,2025-09-21 23:56:00+00:00
1836,2025-09-21 23:57:00+00:00
1837,2025-09-21 23:58:00+00:00
1838,2025-09-21 23:59:00+00:00
1839,2025-09-22 00:00:00+00:00
1840,2025-09-22 00:01:00+00:00
1841,2025-09-22 00:02:00+00:00
1842,2025-09-22 00:03:00+00:00
1843,2025-09-22 00:04:00+00:00
1844,2025-09-22 00:05:00+00:00
1845,2025-09-22 00:06:00+00:00
1846,2025-09-22 00:07:00+00:00
1847,2025-09-22 00:08:00+00:00
1848,2025-09-22 00:09:00+00:00
1849,2025-09-22 00:10:00+00:00
1850,2025-09-22 00:11:00+00:00
1851,2025-09-22 00:12:00+00:00
1852,2025-09-22 00:13:00+00:00
1853,2025-09-22 00:14:00+00:00
1854,2025-09-22 00:15:00+00:00
1855,2025-09-22 00:16:00+00:00
1856,2025-09-22 00:17:00+00:00
1857,2025-09-22 00:18:00+00:00
1858,2025-09-22 00:19:00+00:00
1859,2025-09-22 00:20:00+00:00
1860,2025-09-22 00:21:00+00:00
1861,2025-09-22 00:22:00+00:00
1862,2025-09-22 00:23:00+00:00
1863,2025-09-22 00:24:00+00:00
1864,2025-09-22 00:25:00+00:00
1865,2025-09-22 00:26:00+00:00
1866,2025-09-22 00:27:00+00:00
1867,2025-09-22 00:28:00+00:00
1868,2025-09-22 00:29:00+00:00
1869,2025-09-22 00:30:00+00:00
1870,2025-09-22 00:31:00+00:00
1871,2025-09-22 00:32:00+00:00
1872,2025-09-22 00:33:00+00:00
1873,2025-09-22 00:34:00+00:00
1874,2025-09-22 00:35:00+00:00
1875,2025-09-22 00:36:00+00:00
1876,2025-09-22 00:37:00+00:00
1877,2025-09-22 00:38:00+00:00
1878,2025-09-22 00:39:00+00:00
1879,2025-09-22 00:40:00+00:00
1880,2025-09-22 00:41:00+00:00
1881,2025-09-22 00:42:00+00:00
1882,2025-09-22 00:43:00+00:00
1883,2025-09-22 00:44:00+00:00
1884,2025-09-22 00:45:00+00:00
1885,2025-09-22 00:46:00+00:00
1886,2025-09-22 00:47:00+00:00
1887,2025-09-22 00:48:00+00:00
1888,2025-09-22 00:49:00+00:00
1889,2025-09-22 00:50:00+00:00
1890,2025-09-22 00:51:00+00:00
1891,2025-09-22 00:52:00+00:00
1892,2025-09-22 00:53:00+00:00
1893,2025-09-22 00:54:00+00:00
1894,2025-09-22 00:55:00+00:00
1895,2025-09-22 00:56:00+00:00
1896,2025-09-22 00:57:00+00:00
1897,2025-09-22 00:58:00+00:00
1898,2025-09-22 00:59:00+00:00
1899,2025-09-22 01:00:00+00:00
1900,2025-09-22 01:01:00+00:00
1901,2025-09-22 01:02:00+00:00
1902,2025-09-22 01:03:00+00:00
1903,2025-09-22 01:04:00+00:00
1904,2025-09-22 01:05:00+00:00
1905,2025-09-22 01:06:00+00:00
1906,2025-09-22 01:07:00+00:00
1907,2025-09-22 01:08:00+00:00
1908,2025-09-22 01:09:00+00:00
1909,2025-09-22 01:10:00+00:00
1910,2025-09-22 01:11:00+00:00
1911,2025-09-22 01:12:00+00:00
1912,2025-09-22 01:13:00+00:00
1913,2025-09-22 01:14:00+00:00
1914,2025-09-22 01:15:00+00:00
1915,2025-09-22 01:16:00+00:00
1916,2025-09-22 01:17:00+00:00
1917,2025-09-22 01:18:00+00:00
1918,2025-09-22 01:19:00+00:00
1919,2025-09-22 01:20:00+00:00
1920,2025-09-22 01:21:00+00:00
1921,2025-09-22 01:22:00+00:00
1922,2025-09-22 01:23:00+00:00
1923,2025-09-22 01:24:00+00:00
1924,2025-09-22 01:25:00+00:00
1925,2025-09-22 01:26:00+00:00
1926,2025-09-22 01:27:00+00:00
1927,2025-09-22 01:28:00+00:00
1928,2025-09-22 01:29:00+00:00
1929,2025-09-22 01:30:00+00:00
1930,2025-09-22 01:31:00+00:00
1931,2025-09-22 01:32:00+00:00
1932,2025-09-22 01:33:00+00:00
1933,2025-09-22 01:34:00+00:00
1934,2025-09-22 01:35:00+00:00
1935,2025-09-22 01:36:00+00:00
1936,2025-09-22 01:37:00+00:00
1937,2025-09-22 01:38:00+00:00
1938,2025-09-22 01:39:00+00:00
1939,2025-09-22 01:40:00+00:00
1940,2025-09-22 01:41:00+00:00
1941,2025-09-22 01:42:00+00:00
1942,2025-09-22 01:43:00+00:00
1943,2025-09-22 01:44:00+00:00
1944,2025-09-22 01:45:00+00:00
1945,2025-09-22 01:46:00+00:00
1946,2025-09-22 01:47:00+00:00
1947,2025-09-22 01:48:00+00:00
1948,2025-09-22 01:49:00+00:00
1949,2025-09-22 01:50:00+00:00
1950,2025-09-22 09:11:00+00:00
1951,2025-09-22 09:12:00+00:00
1952,2025-09-22 09:13:00+00:00
1953,2025-09-22 09:14:00+00:00
1954,2025-09-22 09:15:00+00:00
1955,2025-09-22 09:16:00+00:00
1956,2025-09-22 09:17:00+00:00
1957,2025-09-22 09:18:00+00:00
1958,2025-09-22 09:19:00+00:00
1959,2025-09-22 09:20:00+00:00
1960,2025-09-22 09:21:00+00:00
1961,2025-09-22 09:22:00+00:00
1962,2025-09-22 09:23:00+00:00
1963,2025-09-22 09:24:00+00:00
1964,2025-09-22 09:25:00+00:00
1965,2025-09-22 09:26:00+00:00
1966,2025-09-22 09:27:00+00:00
1967,2025-09-22 09:28:00+00:00
1968,2025-09-22 09:29:00+00:00
1969,2025-09-22 09:30:00+00:00
1970,2025-09-22 09:31:00+00:00
1971,2025-09-22 09:32:00+00:00
1972,2025-09-22 09:33:00+00:00
1973,2025-09-22 09:34:00+00:00
1974,2025-09-22 09:35:00+00:00
1975,2025-09-22 09:36:00+00:00
1976,2025-09-22 09:37:00+00:00
1977,2025-09-22 09:38:00+00:00
1978,2025-09-22 09:39:00+00:00
1979,2025-09-22 09:40:00+00:00
1980,2025-09-22 09:41:00+00:00
1981,2025-09-22 09:42:00+00:00
1982,2025-09-22 09:43:00+00:00
1983,2025-09-22 09:44:00+00:00
1984,2025-09-22 09:45:00+00:00
1985,2025-09-22 09:46:00+00:00
1986,2025-09-22 09:47:00+00:00
1987,2025-09-22 09:48:00+00:00
1988,2025-09-22 09:49:00+00:00
1989,2025-09-22 09:50:00+00:00
1990,2025-09-22 09:51:00+00:00
1991,2025-09-22 09:52:00+00:00
1992,2025-09-22 09:53:00+00:00
1993,2025-09-22 09:54:00+00:00
1994,2025-09-22 09:55:00+00:00
1995,2025-09-22 09:56:00+00:00
1996,2025-09-22 09:57:00+00:00
1997,2025-09-22 09:58:00+00:00
1998,2025-09-22 09:59:00+00:00
1999,2025-09-22 10:00:00+00:00
2000,2025-09-22 10:01:00+00:00
2001,2025-09-22 10:02:00+00:00
2002,2025-09-22 10:03:00+00:00
2003,2025-09-22 10:04:00+00:00
2004,2025-09-22 10:05:00+00:00
2005,2025-09-22 10:06:00+00:00
2006,2025-09-22 10:07:00+00:00
2007,2025-09-22 10:08:00+00:00
2008,2025-09-22 10:09:00+00:00
2009,2025-09-22 10:10:00+00:00
2010,2025-09-22 10:11:00+00:00
2011,2025-09-22 10:12:00+00:00
2012,2025-09-22 10:13:00+00:00
2013,2025-09-22 10:14:00+00:00
2014,2025-09-22 10:15:00+00:00
2015,2025-09-22 10:16:00+00:00
2016,2025-09-22 10:17:00+00:00
2017,2025-09-22 10:18:00+00:00
2018,2025-09-22 10:19:00+00:00
2019,2025-09-22 10:20:00+00:00
2020,2025-09-22 10:21:00+00:00
2021,2025-09-22 10:22:00+00:00
2022,2025-09-22 10:23:00+00:00
2023,2025-09-22 10:24:00+00:00
2024,2025-09-22 10:25:00+00:00
2025,2025-09-22 10:26:00+00:00
2026,2025-09-22 10:27:00+00:00
2027,2025-09-22 10:28:00+00:00
2028,2025-09-22 10:29:00+00:00
2029,2025-09-22 10:30:00+00:00
2030,2025-09-22 10:31:00+00:00
2031,2025-09-22 10:32:00+00:00
2032,2025-09-22 10:33:00+00:00
2033,2025-09-22 10:34:00+00:00
2034,2025-09-22 10:35:00+00:00
2035,2025-09-22 10:36:00+00:00
2036,2025-09-22 10:37:00+00:00
2037,2025-09-22 10:38:00+00:00
2038,2025-09-22 10:39:00+00:00
2039,2025-09-22 10:40:00+00:00
2040,2025-09-22 10:41:00+00:00
2041,2025-09-22 10:42:00+00:00
2042,2025-09-22 10:43:00+00:00
2043,2025-09-22 10:44:00+00:00
2044,2025-09-22 10:45:00+00:00
2045,2025-09-22 10:46:00+00:00
2046,2025-09-22 10:47:00+00:00
2047,2025-09-22 10:48:00+00:00
2048,2025-09-22 10:49:00+00:00
2049,2025-09-22 10:50:00+00:00
2050,2025-09-22 10:51:00+00:00
2051,2025-09-22 10:52:00+00:00
2052,2025-09-22 10:53:00+00:00
2053,2025-09-22 10:54:00+00:00
2054,2025-09-22 10:55:00+00:00
2055,2025-09-22 10:56:00+00:00
2056,2025-09-22 10:57:00+00:00
2057,2025-09-22 10:58:00+00:00
2058,2025-09-22 10:59:00+00:00
2059,2025-09-22 11:00:00+00:00
2060,2025-09-22 11:01:00+00:00
2061,2025-09-22 11:02:00+00:00
2062,2025-09-22 11:03:00+00:00
2063,2025-09-22 11:04:00+00:00
2064,2025-09-22 11:05:00+00:00
2065,2025-09-22 11:06:00+00:00
2066,2025-09-22 11:07:00+00:00
2067,2025-09-22 11:08:00+00:00
2068,2025-09-22 11:09:00+00:00
2069,2025-09-22 11:10:00+00:00
2070,2025-09-22 11:11:00+00:00
2071,2025-09-22 11:12:00+00:00
2072,2025-09-22 11:13:00+00:00
2073,2025-09-22 11:14:00+00:00
2074,2025-09-22 11:15:00+00:00
2075,2025-09-22 11:16:00+00:00
2076,2025-09-22 11:17:00+00:00
2077,2025-09-22 11:18:00+00:00
2078,2025-09-22 11:19:00+00:00
2079,2025-09-22 11:20:00+00:00
2080,2025-09-22 11:21:00+00:00
2081,2025-09-22 11:22:00+00:00
2082,2025-09-22 11:23:00+00:00
2083,2025-09-22 11:24:00+00:00
2084,2025-09-22 11:25:00+00:00
2085,2025-09-22 11:26:00+00:00
2086,2025-09-22 11:27:00+00:00
2087,2025-09-22 11:28:00+00:00
2088,2025-09-22 11:29:00+00:00
2089,2025-09-22 11:30:00+00:00
2090,2025-09-22 11:31:00+00:00
2091,2025-09-22 11:32:00+00:00
2092,2025-09-22 11:33:00+00:00
2093,2025-09-22 11:34:00+00:00
2094,2025-09-22 11:35:00+00:00
2095,2025-09-22 11:36:00+00:00
2096,2025-09-22 11:37:00+00:00
2097,2025-09-22 11:38:00+00:00
2098,2025-09-22 11:39:00+00:00
2099,2025-09-22 11:40:00+00:00
2100,2025-09-22 11:41:00+00:00
2101,2025-09-22 11:42:00+00:00
2102,2025-09-22 11:43:00+00:00
2103,2025-09-22 11:44:00+00:00
2104,2025-09-22 11:45:00+00:00
2105,2025-09-22 11:46:00+00:00
2106,2025-09-22 11:47:00+00:00
2107,2025-09-22 11:48:00+00:00
2108,2025-09-22 11:49:00+00:00
2109,2025-09-22 11:50:00+00:00
2110,2025-09-22 11:51:00+00:00
2111,2025-09-22 11:52:00+00:00
2112,2025-09-22 11:53:00+00:00
2113,2025-09-22 11:54:00+00:00
2114,2025-09-22 11:55:00+00:00
2115,2025-09-22 11:56:00+00:00
2116,2025-09-22 11:57:00+00:00
2117,2025-09-22 11:58:00+00:00
2118,2025-09-22 11:59:00+00:00
2119,2025-09-22 12:00:00+00:00
2120,2025-09-22 12:01:00+00:00
2121,2025-09-22 12:02:00+00:00
2122,2025-09-22 12:03:00+00:00
2123,2025-09-22 12:04:00+00:00
2124,2025-09-22 12:05:00+00:00
2125,2025-09-22 12:06:00+00:00
2126,2025-09-22 12:07:00+00:00
2127,2025-09-22 12:08:00+00:00
2128,2025-09-22 12:09:00+00:00
2129,2025-09-22 12:10:00+00:00
2130,2025-09-22 12:11:00+00:00
2131,2025-09-22 12:12:00+00:00
2132,2025-09-22 12:13:00+00:00
2133,2025-09-22 12:14:00+00:00
2134,2025-09-22 12:15:00+00:00
2135,2025-09-22 12:16:00+00:00
2136,2025-09-22 12:17:00+00:00
2137,2025-09-22 12:18:00+00:00
2138,2025-09-22 12:19:00+00:00
2139,2025-09-22 12:20:00+00:00
2140,2025-09-22 12:21:00+00:00
2141,2025-09-22 12:22:00+00:00
2142,2025-09-22 12:23:00+00:00
2143,2025-09-22 12:24:00+00:00
2144,2025-09-22 12:25:00+00:00
2145,2025-09-22 12:26:00+00:00
2146,2025-09-22 12:27:00+00:00
2147,2025-09-22 12:28:00+00:00
2148,2025-09-22 12:29:00+00:00
2149,2025-09-22 12:30:00+00:00
2150,2025-09-22 12:31:00+00:00
2151,2025-09-22 12:32:00+00:00
2152,2025-09-22 12:33:00+00:00
2153,2025-09-22 12:34:00+00:00
2154,2025-09-22 12:35:00+00:00
2155,2025-09-22 12:36:00+00:00
2156,2025-09-22 12:37:00+00:00
2157,2025-09-22 12:38:00+00:00
2158,2025-09-22 12:39:00+00:00
2159,2025-09-22 12:40:00+00:00
2160,2025-09-22 12:41:00+00:00
2161,2025-09-22 12:42:00+00:00
2162,2025-09-22 12:43:00+00:00
2163,2025-09-22 12:44:00+00:00
2164,2025-09-22 12:45:00+00:00
2165,2025-09-22 12:46:00+00:00
2166,2025-09-22 12:47:00+00:00
2167,2025-09-22 12:48:00+00:00
2168,2025-09-22 12:49:00+00:00
2169,2025-09-22 12:50:00+00:00
2170,2025-09-22 12:51:00+00:00
2171,2025-09-22 12:52:00+00:00
2172,2025-09-22 12:53:00+00:00
2173,2025-09-22 12:54:00+00:00
2174,2025-09-22 12:55:00+00:00
2175,2025-09-22 12:56:00+00:00
2176,2025-09-22 12:57:00+00:00
2177,2025-09-22 12:58:00+00:00
2178,2025-09-22 12:59:00+00:00
2179,2025-09-22 13:00:00+00:00
2180,2025-09-22 13:01:00+00:00
2181,2025-09-22 13:02:00+00:00
2182,2025-09-22 13:03:00+00:00
2183,2025-09-22 13:04:00+00:00
2184,2025-09-22 13:05:00+00:00
2185,2025-09-22 13:06:00+00:00
2186,2025-09-22 13:07:00+00:00
2187,2025-09-22 13:08:00+00:00
2188,2025-09-22 13:09:00+00:00
2189,2025-09-22 13:10:00+00:00
2190,2025-09-22 13:11:00+00:00
2191,2025-09-22 13:12:00+00:00
2192,2025-09-22 13:13:00+00:00
2193,2025-09-22 13:14:00+00:00
2194,2025-09-22 13:15:00+00:00
2195,2025-09-22 13:16:00+00:00
2196,2025-09-22 13:17:00+00:00
2197,2025-09-22 13:18:00+00:00
2198,2025-09-22 13:19:00+00:00
2199,2025-09-22 13:20:00+00:00
2200,2025-09-22 13:21:00+00:00
2201,2025-09-22 13:22:00+00:00
2202,2025-09-22 13:23:00+00:00
2203,2025-09-22 13:24:00+00:00
2204,2025-09-22 13:25:00+00:00
2205,2025-09-22 13:26:00+00:00
2206,2025-09-22 13:27:00+00:00
2207,2025-09-22 13:28:00+00:00
2208,2025-09-22 13:29:00+00:00
2209,2025-09-22 13:30:00+00:00
2210,2025-09-22 13:31:00+00:00
2211,2025-09-22 13:32:00+00:00
2212,2025-09-22 13:33:00+00:00
2213,2025-09-22 13:34:00+00:00
2214,2025-09-22 13:35:00+00:00
2215,2025-09-22 13:36:00+00:00
2216,2025-09-22 13:37:00+00:00
2217,2025-09-22 13:38:00+00:00
2218,2025-09-22 13:39:00+00:00
2219,2025-09-22 13:40:00+00:00
2220,2025-09-22 13:41:00+00:00
2221,2025-09-22 13:42:00+00:00
2222,2025-09-22 13:43:00+00:00
2223,2025-09-22 13:44:00+00:00
2224,2025-09-22 13:45:00+00:00
2225,2025-09-22 13:46:00+00:00
2226,2025-09-22 13:47:00+00:00
2227,2025-09-22 13:48:00+00:00
2228,2025-09-22 13:49:00+00:00
2229,2025-09-22 13:50:00+00:00
2230,2025-09-22 13:51:00+00:00
2231,2025-09-22 13:52:00+00:00
2232,2025-09-22 13:53:00+00:00
2233,2025-09-22 13:54:00+00:00
2234,2025-09-22 13:55:00+00:00
2235,2025-09-22 13:56:00+00:00
2236,2025-09-22 13:57:00+00:00
2237,2025-09-22 13:58:00+00:00
2238,2025-09-22 13:59:00+00:00
2239,2025-09-22 14:00:00+00:00
2240,2025-09-22 14:01:00+00:00
2241,2025-09-22 14:02:00+00:00
2242,2025-09-22 14:03:00+00:00
2243,2025-09-22 14:04:00+00:00
2244,2025-09-22 14:05:00+00:00
2245,2025-09-22 14:06:00+00:00
2246,2025-09-22 14:07:00+00:00
2247,2025-09-22 14:08:00+00:00
2248,2025-09-22 14:09:00+00:00
2249,2025-09-22 14:10:00+00:00
2250,2025-09-22 14:11:00+00:00
2251,2025-09-22 14:12:00+00:00
2252,2025-09-22 14:13:00+00:00
2253,2025-09-22 14:14:00+00:00
2254,2025-09-22 14:15:00+00:00
2255,2025-09-22 14:16:00+00:00
2256,2025-09-22 14:17:00+00:00
2257,2025-09-22 14:18:00+00:00
2258,2025-09-22 14:19:00+00:00
2259,2025-09-22 14:20:00+00:00
2260,2025-09-22 14:21:00+00:00
2261,2025-09-22 14:22:00+00:00
2262,2025-09-22 14:23:00+00:00
2263,2025-09-22 14:24:00+00:00
2264,2025-09-22 14:25:00+00:00
2265,2025-09-22 14:26:00+00:00
2266,2025-09-22 14:27:00+00:00
2267,2025-09-22 14:28:00+00:00
2268,2025-09-22 14:29:00+00:00
2269,2025-09-22 14:30:00+00:00
2270,2025-09-22 14:31:00+00:00
2271,2025-09-22 14:32:00+00:00
2272,2025-09-22 14:33:00+00:00
2273,2025-09-22 14:34:00+00:00
2274,2025-09-22 14:35:00+00:00
2275,2025-09-22 14:36:00+00:00
2276,2025-09-22 14:37:00+00:00
2277,2025-09-22 14:38:00+00:00
2278,2025-09-22 14:39:00+00:00
2279,2025-09-22 14:40:00+00:00
2280,2025-09-22 14:41:00+00:00
2281,2025-09-22 14:42:00+00:00
2282,2025-09-22 14:43:00+00:00
2283,2025-09-22 14:44:00+00:00
2284,2025-09-22 14:45:00+00:00
2285,2025-09-22 14:46:00+00:00
2286,2025-09-22 14:47:00+00:00
2287,2025-09-22 14:48:00+00:00
2288,2025-09-22 14:49:00+00:00
2289,2025-09-22 14:50:00+00:00
2290,2025-09-22 14:51:00+00:00
2291,2025-09-22 14:52:00+00:00
2292,2025-09-22 14:53:00+00:00
2293,2025-09-22 14:54:00+00:00
2294,2025-09-22 14:55:00+00:00
2295,2025-09-22 14:56:00+00:00
2296,2025-09-22 14:57:00+00:00
2297,2025-09-22 14:58:00+00:00
2298,2025-09-22 14:59:00+00:00
2299,2025-09-22 15:00:00+00:00
2300,2025-09-22 15:01:00+00:00
2301,2025-09-22 15:02:00+00:00
2302,2025-09-22 15:03:00+00:00
2303,2025-09-22 15:04:00+00:00
2304,2025-09-22 15:05:00+00:00
2305,2025-09-22 15:06:00+00:00
2306,2025-09-22 15:07:00+00:00
2307,2025-09-22 15:08:00+00:00
2308,2025-09-22 15:09:00+00:00
2309,2025-09-22 15:10:00+00:00
2310,2025-09-22 15:11:00+00:00
2311,2025-09-22 15:12:00+00:00
2312,2025-09-22 15:13:00+00:00
2313,2025-09-22 15:14:00+00:00
2314,2025-09-22 15:15:00+00:00
2315,2025-09-22 15:16:00+00:00
2316,2025-09-22 15:17:00+00:00
2317,2025-09-22 15:18:00+00:00
2318,2025-09-22 15:19:00+00:00
2319,2025-09-22 15:20:00+00:00
2320,2025-09-22 15:21:00+00:00
2321,2025-09-22 15:22:00+00:00
2322,2025-09-22 15:23:00+00:00
2323,2025-09-22 15:24:00+00:00
2324,2025-09-22 15:25:00+00:00
2325,2025-09-22 15:26:00+00:00
2326,2025-09-22 15:27:00+00:00
2327,2025-09-22 15:28:00+00:00
2328,2025-09-22 15:29:00+00:00
2329,2025-09-22 15:30:00+00:00
2330,2025-09-22 15:31:00+00:00
2331,2025-09-22 15:32:00+00:00
2332,2025-09-22 15:33:00+00:00
2333,2025-09-22 15:34:00+00:00
2334,2025-09-22 15:35:00+00:00
2335,2025-09-22 15:36:00+00:00
2336,2025-09-22 15:37:00+00:00
2337,2025-09-22 15:38:00+00:00
2338,2025-09-22 15:39:00+00:00
2339,2025-09-22 15:40:00+00:00
2340,2025-09-22 15:41:00+00:00
2341,2025-09-22 15:42:00+00:00
2342,2025-09-22 15:43:00+00:00
2343,2025-09-22 15:44:00+00:00
2344,2025-09-22 15:45:00+00:00
2345,2025-09-22 15:46:00+00:00
2346,2025-09-22 15:47:00+00:00
2347,2025-09-22 15:48:00+00:00
2348,2025-09-22 15:49:00+00:00
2349,2025-09-22 15:50:00+00:00
2350,2025-09-22 15:51:00+00:00
2351,2025-09-22 15:52:00+00:00
2352,2025-09-22 15:53:00+00:00
2353,2025-09-22 15:54:00+00:00
2354,2025-09-22 15:55:00+00:00
2355,2025-09-22 15:56:00+00:00
2356,2025-09-22 15:57:00+00:00
2357,2025-09-22 15:58:00+00:00
2358,2025-09-22 15:59:00+00:00
2359,2025-09-22 16:00:00+00:00
2360,2025-09-22 16:01:00+00:00
2361,2025-09-22 16:02:00+00:00
2362,2025-09-22 16:03:00+00:00
2363,2025-09-22 16:04:00+00:00
2364,2025-09-22 16:05:00+00:00
2365,2025-09-22 16:06:00+00:00
2366,2025-09-22 16:07:00+00:00
2367,2025-09-22 16:08:00+00:00
2368,2025-09-22 16:09:00+00:00
2369,2025-09-22 16:10:00+00:00
2370,2025-09-22 16:11:00+00:00
2371,2025-09-22 16:12:00+00:00
2372,2025-09-22 16:13:00+00:00
2373,2025-09-22 16:14:00+00:00
2374,2025-09-22 16:15:00+00:00
2375,2025-09-22 16:16:00+00:00
2376,2025-09-22 16:17:00+00:00
2377,2025-09-22 16:18:00+00:00
2378,2025-09-22 16:19:00+00:00
2379,2025-09-22 16:20:00+00:00
2380,2025-09-22 16:21:00+00:00
2381,2025-09-22 16:22:00+00:00
2382,2025-09-22 16:23:00+00:00
2383,2025-09-22 16:24:00+00:00
2384,2025-09-22 16:25:00+00:00
2385,2025-09-22 16:26:00+00:00
2386,2025-09-22 16:27:00+00:00
2387,2025-09-22 16:28:00+00:00
2388,2025-09-22 16:29:00+00:00
2389,2025-09-22 16:30:00+00:00
2390,2025-09-22 16:31:00+00:00
2391,2025-09-22 16:32:00+00:00
2392,2025-09-22 16:33:00+00:00
2393,2025-09-22 16:34:00+00:00
2394,2025-09-22 16:35:00+00:00
2395,2025-09-22 16:36:00+00:00
2396,2025-09-22 16:37:00+00:00
2397,2025-09-22 16:38:00+00:00
2398,2025-09-22 16:39:00+00:00
2399,2025-09-22 16:40:00+00:00
2400,2025-09-22 16:41:00+00:00
2401,2025-09-22 16:42:00+00:00
2402,2025-09-22 16:43:00+00:00
2403,2025-09-22 16:44:00+00:00
2404,2025-09-22 16:45:00+00:00
2405,2025-09-22 16:46:00+00:00
2406,2025-09-22 16:47:00+00:00
2407,2025-09-22 16:48:00+00:00
2408,2025-09-22 16:49:00+00:00
2409,2025-09-22 16:50:00+00:00
2410,2025-09-22 16:51:00+00:00
2411,2025-09-22 16:52:00+00:00
2412,2025-09-22 16:53:00+00:00
2413,2025-09-22 16:54:00+00:00
2414,2025-09-22 16:55:00+00:00
2415,2025-09-22 16:56:00+00:00
2416,2025-09-22 16:57:00+00:00
2417,2025-09-22 16:58:00+00:00
2418,2025-09-22 16:59:00+00:00
2419,2025-09-22 17:00:00+00:00
2420,2025-09-22 17:01:00+00:00
2421,2025-09-22 17:02:00+00:00
2422,2025-09-22 17:03:00+00:00
2423,2025-09-22 17:04:00+00:00
2424,2025-09-22 17:05:00+00:00
2425,2025-09-22 17:06:00+00:00
2426,2025-09-22 17:07:00+00:00
2427,2025-09-22 17:08:00+00:00
2428,2025-09-22 17:09:00+00:00
2429,2025-09-22 17:10:00+00:00
2430,2025-09-22 17:11:00+00:00
2431,2025-09-22 17:12:00+00:00
2432,2025-09-22 17:13:00+00:00
2433,2025-09-22 17:14:00+00:00
2434,2025-09-22 17:15:00+00:00
2435,2025-09-22 17:16:00+00:00
2436,2025-09-22 17:17:00+00:00
2437,2025-09-22 17:18:00+00:00
2438,2025-09-22 17:19:00+00:00
2439,2025-09-22 17:20:00+00:00
2440,2025-09-22 17:21:00+00:00
2441,2025-09-22 17:22:00+00:00
2442,2025-09-22 17:23:00+00:00
2443,2025-09-22 17:24:00+00:00
2444,2025-09-22 17:25:00+00:00
2445,2025-09-22 17:26:00+00:00
2446,2025-09-22 17:27:00+00:00
2447,2025-09-22 17:28:00+00:00
2448,2025-09-22 17:29:00+00:00
2449,2025-09-22 17:30:00+00:00
2450,2025-09-22 17:31:00+00:00
2451,2025-09-22 17:32:00+00:00
2452,2025-09-22 17:33:00+00:00
2453,2025-09-22 17:34:00+00:00
2454,2025-09-22 17:35:00+00:00
2455,2025-09-22 17:36:00+00:00
2456,2025-09-22 17:37:00+00:00
2457,2025-09-22 17:38:00+00:00
2458,2025-09-22 17:39:00+00:00
2459,2025-09-22 17:40:00+00:00
2460,2025-09-22 17:41:00+00:00
2461,2025-09-22 17:42:00+00:00
2462,2025-09-22 17:43:00+00:00
2463,2025-09-22 17:44:00+00:00
2464,2025-09-22 17:45:00+00:00
2465,2025-09-22 17:46:00+00:00
2466,2025-09-22 17:47:00+00:00
2467,2025-09-22 17:48:00+00:00
2468,2025-09-22 17:49:00+00:00
2469,2025-09-22 17:50:00+00:00
2470,2025-09-22 17:51:00+00:00
2471,2025-09-22 17:52:00+00:00
2472,2025-09-22 17:53:00+00:00
2473,2025-09-22 17:54:00+00:00
2474,2025-09-22 17:55:00+00:00
2475,2025-09-22 17:56:00+00:00
2476,2025-09-22 17:57:00+00:00
2477,2025-09-22 17:58:00+00:00
2478,2025-09-22 17:59:00+00:00
2479,2025-09-22 18:00:00+00:00
2480,2025-09-22 18:01:00+00:00
2481,2025-09-22 18:02:00+00:00
2482,2025-09-22 18:03:00+00:00
2483,2025-09-22 18:04:00+00:00
2484,2025-09-22 18:05:00+00:00
2485,2025-09-22 18:06:00+00:00
2486,2025-09-22 18:07:00+00:00
2487,2025-09-22 18:08:00+00:00
2488,2025-09-22 18:09:00+00:00
2489,2025-09-22 18:10:00+00:00
2490,2025-09-22 18:11:00+00:00
2491,2025-09-22 18:12:00+00:00
2492,2025-09-22 18:13:00+00:00
2493,2025-09-22 18:14:00+00:00
2494,2025-09-22 18:15:00+00:00
2495,2025-09-22 18:16:00+00:00
2496,2025-09-22 18:17:00+00:00
2497,2025-09-22 18:18:00+00:00
2498,2025-09-22 18:19:00+00:00
2499,2025-09-22 18:20:00+00:00
2500,2025-09-22 18:21:00+00:00
2501,2025-09-22 18:22:00+00:00
2502,2025-09-22 18:23:00+00:00
2503,2025-09-22 18:24:00+00:00
2504,2025-09-22 18:25:00+00:00
2505,2025-09-22 18:26:00+00:00
2506,2025-09-22 18:27:00+00:00
2507,2025-09-22 18:28:00+00:00
2508,2025-09-22 18:29:00+00:00
2509,2025-09-22 18:30:00+00:00
2510,2025-09-22 18:31:00+00:00
2511,2025-09-22 18:32:00+00:00
2512,2025-09-22 18:33:00+00:00
2513,2025-09-22 18:34:00+00:00
2514,2025-09-22 18:35:00+00:00
2515,2025-09-22 18:36:00+00:00
2516,2025-09-22 18:37:00+00:00
2517,2025-09-22 18:38:00+00:00
2518,2025-09-22 18:39:00+00:00
2519,2025-09-22 18:40:00+00:00
2520,2025-09-22 18:41:00+00:00
2521,2025-09-22 18:42:00+00:00
2522,2025-09-22 18:43:00+00:00
2523,2025-09-22 18:44:00+00:00
2524,2025-09-22 18:45:00+00:00
2525,2025-09-22 18:46:00+00:00
2526,2025-09-22 18:47:00+00:00
2527,2025-09-22 18:48:00+00:00
2528,2025-09-22 18:49:00+00:00
2529,2025-09-22 18:50:00+00:00
2530,2025-09-22 18:51:00+00:00
2531,2025-09-22 18:52:00+00:00
2532,2025-09-22 18:53:00+00:00
2533,2025-09-22 18:54:00+00:00
2534,2025-09-22 18:55:00+00:00
2535,2025-09-22 18:56:00+00:00
2536,2025-09-22 18:57:00+00:00
2537,2025-09-22 18:58:00+00:00
2538,2025-09-22 18:59:00+00:00
2539,2025-09-22 19:00:00+00:00
2540,2025-09-22 19:01:00+00:00
2541,2025-09-22 19:02:00+00:00
2542,2025-09-22 19:03:00+00:00
2543,2025-09-22 19:04:00+00:00
2544,2025-09-22 19:05:00+00:00
2545,2025-09-22 19:06:00+00:00
2546,2025-09-22 19:07:00+00:00
2547,2025-09-22 19:08:00+00:00
2548,2025-09-22 19:09:00+00:00
2549,2025-09-22 19:10:00+00:00
2550,2025-09-22 19:11:00+00:00
2551,2025-09-22 19:12:00+00:00
2552,2025-09-22 19:13:00+00:00
2553,2025-09-22 19:14:00+00:00
2554,2025-09-22 19:15:00+00:00
2555,2025-09-22 19:16:00+00:00
2556,2025-09-22 19:17:00+00:00
2557,2025-09-22 19:18:00+00:00
2558,2025-09-22 19:19:00+00:00
2559,2025-09-22 19:20:00+00:00
2560,2025-09-22 19:21:00+00:00
2561,2025-09-22 19:22:00+00:00
2562,2025-09-22 19:23:00+00:00
2563,2025-09-22 19:24:00+00:00
2564,2025-09-22 19:25:00+00:00
2565,2025-09-22 19:26:00+00:00
2566,2025-09-22 19:27:00+00:00
2567,2025-09-22 19:28:00+00:00
2568,2025-09-22 19:29:00+00:00
2569,2025-09-22 19:30:00+00:00
2570,2025-09-22 19:31:00+00:00
2571,2025-09-22 19:32:00+00:00
2572,2025-09-22 19:33:00+00:00
2573,2025-09-22 19:34:00+00:00
2574,2025-09-22 19:35:00+00:00
2575,2025-09-22 19:36:00+00:00
2576,2025-09-22 19:37:00+00:00
2577,2025-09-22 19:38:00+00:00
2578,2025-09-22 19:39:00+00:00
2579,2025-09-22 19:40:00+00:00
2580,2025-09-22 19:41:00+00:00
2581,2025-09-22 19:42:00+00:00
2582,2025-09-22 19:43:00+00:00
2583,2025-09-22 19:44:00+00:00
2584,2025-09-22 19:45:00+00:00
2585,2025-09-22 19:46:00+00:00
2586,2025-09-22 19:47:00+00:00
2587,2025-09-22 19:48:00+00:00
2588,2025-09-22 19:49:00+00:00
2589,2025-09-22 19:50:00+00:00
2590,2025-09-22 19:51:00+00:00
2591,2025-09-22 19:52:00+00:00
2592,2025-09-22 19:53:00+00:00
2593,2025-09-22 19:54:00+00:00
2594,2025-09-22 19:55:00+00:00
2595,2025-09-22 19:56:00+00:00
2596,2025-09-22 19:57:00+00:00
2597,2025-09-22 19:58:00+00:00
2598,2025-09-22 19:59:00+00:00
2599,2025-09-22 20:00:00+00:00
2600,2025-09-22 20:01:00+00:00
2601,2025-09-22 20:02:00+00:00
2602,2025-09-22 20:03:00+00:00
2603,2025-09-22 20:04:00+00:00
2604,2025-09-22 20:05:00+00:00
2605,2025-09-22 20:06:00+00:00
2606,2025-09-22 20:07:00+00:00
2607,2025-09-22 20:08:00+00:00
2608,2025-09-22 20:09:00+00:00
2609,2025-09-22 20:10:00+00:00
2610,2025-09-22 20:11:00+00:00
2611,2025-09-22 20:12:00+00:00
2612,2025-09-22 20:13:00+00:00
2613,2025-09-22 20:14:00+00:00
2614,2025-09-22 20:15:00+00:00
2615,2025-09-22 20:16:00+00:00
2616,2025-09-22 20:17:00+00:00
2617,2025-09-22 20:18:00+00:00
2618,2025-09-22 20:19:00+00:00
2619,2025-09-22 20:20:00+00:00
2620,2025-09-22 20:21:00+00:00
2621,2025-09-22 20:22:00+00:00
2622,2025-09-22 20:23:00+00:00
2623,2025-09-22 20:24:00+00:00
2624,2025-09-22 20:25:00+00:00
2625,2025-09-22 20:26:00+00:00
2626,2025-09-22 20:27:00+00:00
2627,2025-09-22 20:28:00+00:00
2628,2025-09-22 20:29:00+00:00
2629,2025-09-22 20:30:00+00:00
2630,2025-09-22 20:31:00+00:00
2631,2025-09-22 20:32:00+00:00
2632,2025-09-22 20:33:00+00:00
2633,2025-09-22 20:34:00+00:00
2634,2025-09-22 20:35:00+00:00
2635,2025-09-22 20:36:00+00:00
2636,2025-09-22 20:37:00+00:00
2637,2025-09-22 20:38:00+00:00
2638,2025-09-22 20:39:00+00:00
2639,2025-09-22 20:40:00+00:00
2640,2025-09-22 20:41:00+00:00
2641,2025-09-22 20:42:00+00:00
2642,2025-09-22 20:43:00+00:00
2643,2025-09-22 20:44:00+00:00
2644,2025-09-22 20:45:00+00:00
2645,2025-09-22 20:46:00+00:00
2646,2025-09-22 20:47:00+00:00
2647,2025-09-22 20:48:00+00:00
2648,2025-09-22 20:49:00+00:00
2649,2025-09-22 20:50:00+00:00
2650,2025-09-22 20:51:00+00:00
2651,2025-09-22 20:52:00+00:00
2652,2025-09-22 20:53:00+00:00
2653,2025-09-22 20:54:00+00:00
2654,2025-09-22 20:55:00+00:00
2655,2025-09-22 20:56:00+00:00
2656,2025-09-22 20:57:00+00:00
2657,2025-09-22 20:58:00+00:00
2658,2025-09-22 20:59:00+00:00
2659,2025-09-22 21:00:00+00:00
2660,2025-09-22 21:01:00+00:00
2661,2025-09-22 21:02:00+00:00
2662,2025-09-22 21:03:00+00:00
2663,2025-09-22 21:04:00+00:00
2664,2025-09-22 21:05:00+00:00
2665,2025-09-22 21:06:00+00:00
2666,2025-09-22 21:07:00+00:00
2667,2025-09-22 21:08:00+00:00
2668,2025-09-22 21:09:00+00:00
2669,2025-09-22 21:10:00+00:00
2670,2025-09-22 21:11:00+00:00
2671,2025-09-22 21:12:00+00:00
2672,2025-09-22 21:13:00+00:00
2673,2025-09-22 21:14:00+00:00
2674,2025-09-22 21:15:00+00:00
2675,2025-09-22 21:16:00+00:00
2676,2025-09-22 21:17:00+00:00
2677,2025-09-22 21:18:00+00:00
2678,2025-09-22 21:19:00+00:00
2679,2025-09-22 21:20:00+00:00
2680,2025-09-22 21:21:00+00:00
2681,2025-09-22 21:22:00+00:00
2682,2025-09-22 21:23:00+00:00
2683,2025-09-22 21:24:00+00:00
2684,2025-09-22 21:25:00+00:00
2685,2025-09-22 21:26:00+00:00
2686,2025-09-22 21:27:00+00:00
2687,2025-09-22 21:28:00+00:00
2688,2025-09-22 21:29:00+00:00
2689,2025-09-22 21:30:00+00:00
2690,2025-09-22 21:31:00+00:00
2691,2025-09-22 21:32:00+00:00
2692,2025-09-22 21:33:00+00:00
2693,2025-09-22 21:34:00+00:00
2694,2025-09-22 21:35:00+00:00
2695,2025-09-22 21:36:00+00:00
2696,2025-09-22 21:37:00+00:00
2697,2025-09-22 21:38:00+00:00
2698,2025-09-22 21:39:00+00:00
2699,2025-09-22 21:40:00+00:00
2700,2025-09-22 21:41:00+00:00
2701,2025-09-22 21:42:00+00:00
2702,2025-09-22 21:43:00+00:00
2703,2025-09-22 21:44:00+00:00
2704,2025-09-22 21:45:00+00:00
2705,2025-09-22 21:46:00+00:00
2706,2025-09-22 21:47:00+00:00
2707,2025-09-22 21:48:00+00:00
2708,2025-09-22 21:49:00+00:00
2709,2025-09-22 21:50:00+00:00
2710,2025-09-22 21:51:00+00:00
2711,2025-09-22 21:52:00+00:00
2712,2025-09-22 21:53:00+00:00
2713,2025-09-22 21:54:00+00:00
2714,2025-09-22 21:55:00+00:00
2715,2025-09-22 21:56:00+00:00
2716,2025-09-22 21:57:00+00:00
2717,2025-09-22 21:58:00+00:00
2718,2025-09-22 21:59:00+00:00
2719,2025-09-22 22:00:00+00:00
2720,2025-09-22 22:01:00+00:00
2721,2025-09-22 22:02:00+00:00
2722,2025-09-22 22:03:00+00:00
2723,2025-09-22 22:04:00+00:00
2724,2025-09-22 22:05:00+00:00
2725,2025-09-22 22:06:00+00:00
2726,2025-09-22 22:07:00+00:00
2727,2025-09-22 22:08:00+00:00
2728,2025-09-22 22:09:00+00:00
2729,2025-09-22 22:10:00+00:00
2730,2025-09-22 22:11:00+00:00
2731,2025-09-22 22:12:00+00:00
2732,2025-09-22 22:13:00+00:00
2733,2025-09-22 22:14:00+00:00
2734,2025-09-22 22:15:00+00:00
2735,2025-09-22 22:16:00+00:00
2736,2025-09-22 22:17:00+00:00
2737,2025-09-22 22:18:00+00:00
2738,2025-09-22 22:19:00+00:00
2739,2025-09-22 22:20:00+00:00
2740,2025-09-22 22:21:00+00:00
2741,2025-09-22 22:22:00+00:00
2742,2025-09-22 22:23:00+00:00
2743,2025-09-22 22:24:00+00:00
2744,2025-09-22 22:25:00+00:00
2745,2025-09-22 22:26:00+00:00
2746,2025-09-22 22:27:00+00:00
2747,2025-09-22 22:28:00+00:00
2748,2025-09-22 22:29:00+00:00
2749,2025-09-22 22:30:00+00:00
2750,2025-09-22 22:31:00+00:00
2751,2025-09-22 22:32:00+00:00
2752,2025-09-22 22:33:00+00:00
2753,2025-09-22 22:34:00+00:00
2754,2025-09-22 22:35:00+00:00
2755,2025-09-22 22:36:00+00:00
2756,2025-09-22 22:37:00+00:00
2757,2025-09-22 22:38:00+00:00
2758,2025-09-22 22:39:00+00:00
2759,2025-09-22 22:40:00+00:00
2760,2025-09-22 22:41:00+00:00
2761,2025-09-22 22:42:00+00:00
2762,2025-09-22 22:43:00+00:00
2763,2025-09-22 22:44:00+00:00
2764,2025-09-22 22:45:00+00:00
2765,2025-09-22 22:46:00+00:00
2766,2025-09-22 22:47:00+00:00
2767,2025-09-22 22:48:00+00:00
2768,2025-09-22 22:49:00+00:00
2769,2025-09-22 22:50:00+00:00
2770,2025-09-22 22:51:00+00:00
2771,2025-09-22 22:52:00+00:00
2772,2025-09-22 22:53:00+00:00
2773,2025-09-22 22:54:00+00:00
2774,2025-09-22 22:55:00+00:00
2775,2025-09-22 22:56:00+00:00
2776,2025-09-22 22:57:00+00:00
2777,2025-09-22 22:58:00+00:00
2778,2025-09-22 22:59:00+00:00
2779,2025-09-22 23:00:00+00:00
2780,2025-09-22 23:01:00+00:00
2781,2025-09-22 23:02:00+00:00
2782,2025-09-22 23:03:00+00:00
2783,2025-09-22 23:04:00+00:00
2784,2025-09-22 23:05:00+00:00
2785,2025-09-22 23:06:00+00:00
2786,2025-09-22 23:07:00+00:00
2787,2025-09-22 23:08:00+00:00
2788,2025-09-22 23:09:00+00:00
2789,2025-09-22 23:10:00+00:00
2790,2025-09-22 23:11:00+00:00
2791,2025-09-22 23:12:00+00:00
2792,2025-09-22 23:13:00+00:00
2793,2025-09-22 23:14:00+00:00
2794,2025-09-22 23:15:00+00:00
2795,2025-09-22 23:16:00+00:00
2796,2025-09-22 23:17:00+00:00
2797,2025-09-22 23:18:00+00:00
2798,2025-09-22 23:19:00+00:00
2799,2025-09-22 23:20:00+00:00
2800,2025-09-22 23:21:00+00:00
2801,2025-09-22 23:22:00+00:00
2802,2025-09-22 23:23:00+00:00
2803,2025-09-22 23:24:00+00:00
2804,2025-09-22 23:25:00+00:00
2805,2025-09-22 23:26:00+00:00
2806,2025-09-22 23:27:00+00:00
2807,2025-09-22 23:28:00+00:00
2808,2025-09-22 23:29:00+00:00
2809,2025-09-22 23:30:00+00:00
2810,2025-09-22 23:31:00+00:00
2811,2025-09-22 23:32:00+00:00
2812,2025-09-22 23:33:00+00:00
2813,2025-09-22 23:34:00+00:00
2814,2025-09-22 23:35:00+00:00
2815,2025-09-22 23:36:00+00:00
2816,2025-09-22 23:37:00+00:00
2817,2025-09-22 23:38:00+00:00
2818,2025-09-22 23:39:00+00:00
2819,2025-09-22 23:40:00+00:00
2820,2025-09-22 23:41:00+00:00
2821,2025-09-22 23:42:00+00:00
2822,2025-09-22 23:43:00+00:00
2823,2025-09-22 23:44:00+00:00
2824,2025-09-22 23:45:00+00:00
2825,2025-09-22 23:46:00+00:00
2826,2025-09-22 23:47:00+00:00
2827,2025-09-22 23:48:00+00:00
2828,2025-09-22 23:49:00+00:00
2829,2025-09-22 23:50:00+00:00
2830,2025-09-22 23:51:00+00:00
2831,2025-09-22 23:52:00+00:00
2832,2025-09-22 23:53:00+00:00
2833,2025-09-22 23:54:00+00:00
2834,2025-09-22 23:55:00+00:00
2835,2025-09-22 23:56:00+00:00
2836,2025-09-22 23:57:00+00:00
2837,2025-09-22 23:58:00+00:00
2838,2025-09-22 23:59:00+00:00
2839,2025-09-23 00:00:00+00:00
2840,2025-09-23 00:01:00+00:00
2841,2025-09-23 00:02:00+00:00
2842,2025-09-23 00:03:00+00:00
2843,2025-09-23 00:04:00+00:00
2844,2025-09-23 00:05:00+00:00
2845,2025-09-23 00:06:00+00:00
2846,2025-09-23 00:07:00+00:00
2847,2025-09-23 00:08:00+00:00
2848,2025-09-23 00:09:00+00:00
2849,2025-09-23 00:10:00+00:00
2850,2025-09-23 00:11:00+00:00
2851,2025-09-23 00:12:00+00:00
2852,2025-09-23 00:13:00+00:00
2853,2025-09-23 00:14:00+00:00
2854,2025-09-23 00:15:00+00:00
2855,2025-09-23 00:16:00+00:00
2856,2025-09-23 00:17:00+00:00
2857,2025-09-23 00:18:00+00:00
2858,2025-09-23 00:19:00+00:00
2859,2025-09-23 00:20:00+00:00
2860,2025-09-23 00:21:00+00:00
2861,2025-09-23 00:22:00+00:00
2862,2025-09-23 00:23:00+00:00
2863,2025-09-23 00:24:00+00:00
2864,2025-09-23 00:25:00+00:00
2865,2025-09-23 00:26:00+00:00
2866,2025-09-23 00:27:00+00:00
2867,2025-09-23 00:28:00+00:00
2868,2025-09-23 00:29:00+00:00
2869,2025-09-23 00:30:00+00:00
2870,2025-09-23 00:31:00+00:00
2871,2025-09-23 00:32:00+00:00
2872,2025-09-23 00:33:00+00:00
2873,2025-09-23 00:34:00+00:00
2874,2025-09-23 00:35:00+00:00
2875,2025-09-23 00:36:00+00:00
2876,2025-09-23 00:37:00+00:00
2877,2025-09-23 00:38:00+00:00
2878,2025-09-23 00:39:00+00:00
2879,2025-09-23 00:40:00+00:00
2880,2025-09-23 00:41:00+00:00
2881,2025-09-23 00:42:00+00:00
2882,2025-09-23 00:43:00+00:00
2883,2025-09-23 00:44:00+00:00
2884,2025-09-23 00:45:00+00:00
2885,2025-09-23 00:46:00+00:00
2886,2025-09-23 00:47:00+00:00
2887,2025-09-23 00:48:00+00:00
2888,2025-09-23 00:49:00+00:00
2889,2025-09-23 00:50:00+00:00
2890,2025-09-23 00:51:00+00:00
2891,2025-09-23 00:52:00+00:00
2892,2025-09-23 00:53:00+00:00
2893,2025-09-23 00:54:00+00:00
2894,2025-09-23 00:55:00+00:00
2895,2025-09-23 00:56:00+00:00
2896,2025-09-23 00:57:00+00:00
2897,2025-09-23 00:58:00+00:00
2898,2025-09-23 00:59:00+00:00
2899,2025-09-23 01:00:00+00:00
2900,2025-09-23 01:01:00+00:00
2901,2025-09-23 01:02:00+00:00
2902,2025-09-23 01:03:00+00:00
2903,2025-09-23 01:04:00+00:00
2904,2025-09-23 01:05:00+00:00
2905,2025-09-23 01:06:00+00:00
2906,2025-09-23 01:07:00+00:00
2907,2025-09-23 01:08:00+00:00
2908,2025-09-23 01:09:00+00:00
2909,2025-09-23 01:10:00+00:00
2910,2025-09-23 01:11:00+00:00
2911,2025-09-23 01:12:00+00:00
2912,2025-09-23 01:13:00+00:00
2913,2025-09-23 01:14:00+00:00
2914,2025-09-23 01:15:00+00:00
2915,2025-09-23 01:16:00+00:00
2916,2025-09-23 01:17:00+00:00
2917,2025-09-23 01:18:00+00:00
2918,2025-09-23 01:19:00+00:00
2919,2025-09-23 01:20:00+00:00
2920,2025-09-23 01:21:00+00:00
2921,2025-09-23 01:22:00+00:00
2922,2025-09-23 01:23:00+00:00
2923,2025-09-23 01:24:00+00:00
2924,2025-09-23 01:25:00+00:00
2925,2025-09-23 01:26:00+00:00
2926,2025-09-23 01:27:00+00:00
2927,2025-09-23 01:28:00+00:00
2928,2025-09-23 01:29:00+00:00
2929,2025-09-23 01:30:00+00:00
2930,2025-09-23 01:31:00+00:00
2931,2025-09-23 01:32:00+00:00
2932,2025-09-23 01:33:00+00:00
2933,2025-09-23 01:34:00+00:00
2934,2025-09-23 01:35:00+00:00
2935,2025-09-23 01:36:00+00:00
2936,2025-09-23 01:37:00+00:00
2937,2025-09-23 01:38:00+00:00
2938,2025-09-23 01:39:00+00:00
2939,2025-09-23 01:40:00+00:00
2940,2025-09-23 01:41:00+00:00
2941,2025-09-23 01:42:00+00:00
2942,2025-09-23 01:43:00+00:00
2943,2025-09-23 01:44:00+00:00
2944,2025-09-23 01:45:00+00:00
2945,2025-09-23 01:46:00+00:00
2946,2025-09-23 01:47:00+00:00
2947,2025-09-23 01:48:00+00:00
2948,2025-09-23 01:49:00+00:00
2949,2025-09-23 01:50:00+00:00
